2025-02-24 14:03:00,331 INFO o.h.v.i.u.Version [background-preinit] HV000001: Hibernate Validator 8.0.1.Final
2025-02-24 14:03:00,400 INFO o.s.b.StartupInfoLogger [main] Starting PosApplication using Java 19.0.1 with PID 12864 (D:\Dimas\Projects\POS\pos\target\classes started by hand_ in D:\Dimas\Projects\POS\pos)
2025-02-24 14:03:00,401 DEBUG o.s.b.StartupInfoLogger [main] Running with Spring Boot v3.3.0, Spring v6.1.8
2025-02-24 14:03:00,401 INFO o.s.b.SpringApplication [main] No active profile set, falling back to 1 default profile: "default"
2025-02-24 14:03:01,196 INFO o.s.d.r.c.RepositoryConfigurationDelegate [main] Multiple Spring Data modules found, entering strict repository configuration mode
2025-02-24 14:03:01,198 INFO o.s.d.r.c.RepositoryConfigurationDelegate [main] Bootstrapping Spring Data JPA repositories in DEFAULT mode.
2025-02-24 14:03:01,407 INFO o.s.d.r.c.RepositoryConfigurationDelegate [main] Finished Spring Data repository scanning in 202 ms. Found 10 JPA repository interfaces.
2025-02-24 14:03:01,427 INFO o.s.d.r.c.RepositoryConfigurationDelegate [main] Multiple Spring Data modules found, entering strict repository configuration mode
2025-02-24 14:03:01,428 INFO o.s.d.r.c.RepositoryConfigurationDelegate [main] Bootstrapping Spring Data Redis repositories in DEFAULT mode.
2025-02-24 14:03:01,446 INFO o.s.d.r.c.RepositoryConfigurationExtensionSupport [main] Spring Data Redis - Could not safely identify store assignment for repository candidate interface com.bleizing.pos.repository.MenuRepository; If you want this repository to be a Redis repository, consider annotating your entities with one of these annotations: org.springframework.data.redis.core.RedisHash (preferred), or consider extending one of the following types with your repository: org.springframework.data.keyvalue.repository.KeyValueRepository
2025-02-24 14:03:01,447 INFO o.s.d.r.c.RepositoryConfigurationExtensionSupport [main] Spring Data Redis - Could not safely identify store assignment for repository candidate interface com.bleizing.pos.repository.MenuRolePermissionRepository; If you want this repository to be a Redis repository, consider annotating your entities with one of these annotations: org.springframework.data.redis.core.RedisHash (preferred), or consider extending one of the following types with your repository: org.springframework.data.keyvalue.repository.KeyValueRepository
2025-02-24 14:03:01,447 INFO o.s.d.r.c.RepositoryConfigurationExtensionSupport [main] Spring Data Redis - Could not safely identify store assignment for repository candidate interface com.bleizing.pos.repository.PermissionRepository; If you want this repository to be a Redis repository, consider annotating your entities with one of these annotations: org.springframework.data.redis.core.RedisHash (preferred), or consider extending one of the following types with your repository: org.springframework.data.keyvalue.repository.KeyValueRepository
2025-02-24 14:03:01,448 INFO o.s.d.r.c.RepositoryConfigurationExtensionSupport [main] Spring Data Redis - Could not safely identify store assignment for repository candidate interface com.bleizing.pos.repository.ProductRepository; If you want this repository to be a Redis repository, consider annotating your entities with one of these annotations: org.springframework.data.redis.core.RedisHash (preferred), or consider extending one of the following types with your repository: org.springframework.data.keyvalue.repository.KeyValueRepository
2025-02-24 14:03:01,449 INFO o.s.d.r.c.RepositoryConfigurationExtensionSupport [main] Spring Data Redis - Could not safely identify store assignment for repository candidate interface com.bleizing.pos.repository.RoleRepository; If you want this repository to be a Redis repository, consider annotating your entities with one of these annotations: org.springframework.data.redis.core.RedisHash (preferred), or consider extending one of the following types with your repository: org.springframework.data.keyvalue.repository.KeyValueRepository
2025-02-24 14:03:01,449 INFO o.s.d.r.c.RepositoryConfigurationExtensionSupport [main] Spring Data Redis - Could not safely identify store assignment for repository candidate interface com.bleizing.pos.repository.StoreRepository; If you want this repository to be a Redis repository, consider annotating your entities with one of these annotations: org.springframework.data.redis.core.RedisHash (preferred), or consider extending one of the following types with your repository: org.springframework.data.keyvalue.repository.KeyValueRepository
2025-02-24 14:03:01,449 INFO o.s.d.r.c.RepositoryConfigurationExtensionSupport [main] Spring Data Redis - Could not safely identify store assignment for repository candidate interface com.bleizing.pos.repository.SysParamRepository; If you want this repository to be a Redis repository, consider annotating your entities with one of these annotations: org.springframework.data.redis.core.RedisHash (preferred), or consider extending one of the following types with your repository: org.springframework.data.keyvalue.repository.KeyValueRepository
2025-02-24 14:03:01,450 INFO o.s.d.r.c.RepositoryConfigurationExtensionSupport [main] Spring Data Redis - Could not safely identify store assignment for repository candidate interface com.bleizing.pos.repository.UserRepository; If you want this repository to be a Redis repository, consider annotating your entities with one of these annotations: org.springframework.data.redis.core.RedisHash (preferred), or consider extending one of the following types with your repository: org.springframework.data.keyvalue.repository.KeyValueRepository
2025-02-24 14:03:01,450 INFO o.s.d.r.c.RepositoryConfigurationExtensionSupport [main] Spring Data Redis - Could not safely identify store assignment for repository candidate interface com.bleizing.pos.repository.UserRoleRepository; If you want this repository to be a Redis repository, consider annotating your entities with one of these annotations: org.springframework.data.redis.core.RedisHash (preferred), or consider extending one of the following types with your repository: org.springframework.data.keyvalue.repository.KeyValueRepository
2025-02-24 14:03:01,450 INFO o.s.d.r.c.RepositoryConfigurationExtensionSupport [main] Spring Data Redis - Could not safely identify store assignment for repository candidate interface com.bleizing.pos.repository.UserStoreRepository; If you want this repository to be a Redis repository, consider annotating your entities with one of these annotations: org.springframework.data.redis.core.RedisHash (preferred), or consider extending one of the following types with your repository: org.springframework.data.keyvalue.repository.KeyValueRepository
2025-02-24 14:03:01,450 INFO o.s.d.r.c.RepositoryConfigurationDelegate [main] Finished Spring Data repository scanning in 12 ms. Found 0 Redis repository interfaces.
2025-02-24 14:03:02,195 INFO o.s.b.w.e.t.TomcatWebServer [main] Tomcat initialized with port 8080 (http)
2025-02-24 14:03:02,219 INFO o.a.j.l.DirectJDKLog [main] Initializing ProtocolHandler ["http-nio-8080"]
2025-02-24 14:03:02,223 INFO o.a.j.l.DirectJDKLog [main] Starting service [Tomcat]
2025-02-24 14:03:02,224 INFO o.a.j.l.DirectJDKLog [main] Starting Servlet engine: [Apache Tomcat/10.1.24]
2025-02-24 14:03:02,308 INFO o.a.j.l.DirectJDKLog [main] Initializing Spring embedded WebApplicationContext
2025-02-24 14:03:02,309 INFO o.s.b.w.s.c.ServletWebServerApplicationContext [main] Root WebApplicationContext: initialization completed in 1860 ms
2025-02-24 14:03:02,510 INFO o.h.j.i.u.LogHelper [main] HHH000204: Processing PersistenceUnitInfo [name: default]
2025-02-24 14:03:02,590 INFO o.h.Version [main] HHH000412: Hibernate ORM core version 6.5.2.Final
2025-02-24 14:03:02,628 INFO o.h.c.i.RegionFactoryInitiator [main] HHH000026: Second-level cache disabled
2025-02-24 14:03:02,942 INFO o.s.o.j.p.SpringPersistenceUnitInfo [main] No LoadTimeWeaver setup: ignoring JPA class transformer
2025-02-24 14:03:02,969 INFO c.z.h.HikariDataSource [main] HikariPool-1 - Starting...
2025-02-24 14:03:03,159 INFO c.z.h.p.HikariPool [main] HikariPool-1 - Added connection org.postgresql.jdbc.PgConnection@41f40dfa
2025-02-24 14:03:03,160 INFO c.z.h.HikariDataSource [main] HikariPool-1 - Start completed.
2025-02-24 14:03:03,261 WARN o.h.e.j.d.i.DialectFactoryImpl [main] HHH90000025: PostgreSQLDialect does not need to be specified explicitly using 'hibernate.dialect' (remove the property setting and it will be selected by default)
2025-02-24 14:03:04,437 INFO o.h.e.t.j.p.i.JtaPlatformInitiator [main] HHH000489: No JTA platform available (set 'hibernate.transaction.jta.platform' to enable JTA platform integration)
2025-02-24 14:03:04,776 INFO o.s.o.j.AbstractEntityManagerFactoryBean [main] Initialized JPA EntityManagerFactory for persistence unit 'default'
2025-02-24 14:03:05,758 WARN o.s.c.s.AbstractApplicationContext [main] Exception encountered during context initialization - cancelling refresh attempt: org.springframework.beans.factory.UnsatisfiedDependencyException: Error creating bean with name 'productController': Unsatisfied dependency expressed through field 'productService': Error creating bean with name 'productService': Unsatisfied dependency expressed through field 'storageService': Error creating bean with name 'storageService': Unsatisfied dependency expressed through field 'storagePlatform': No qualifying bean of type 'com.bleizing.pos.interfaces.StoragePlatform' available: expected at least 1 bean which qualifies as autowire candidate. Dependency annotations: {@org.springframework.beans.factory.annotation.Autowired(required=true)}
2025-02-24 14:03:05,877 INFO o.s.o.j.AbstractEntityManagerFactoryBean [main] Closing JPA EntityManagerFactory for persistence unit 'default'
2025-02-24 14:03:05,922 INFO c.z.h.HikariDataSource [main] HikariPool-1 - Shutdown initiated...
2025-02-24 14:03:05,926 INFO c.z.h.HikariDataSource [main] HikariPool-1 - Shutdown completed.
2025-02-24 14:03:05,928 INFO o.a.j.l.DirectJDKLog [main] Stopping service [Tomcat]
2025-02-24 14:03:05,942 INFO o.s.b.a.l.ConditionEvaluationReportLogger [main] 

Error starting ApplicationContext. To display the condition evaluation report re-run your application with 'debug' enabled.
2025-02-24 14:03:05,965 ERROR o.s.b.d.LoggingFailureAnalysisReporter [main] 

***************************
APPLICATION FAILED TO START
***************************

Description:

Field storagePlatform in com.bleizing.pos.service.StorageService required a bean of type 'com.bleizing.pos.interfaces.StoragePlatform' that could not be found.

The injection point has the following annotations:
	- @org.springframework.beans.factory.annotation.Autowired(required=true)


Action:

Consider defining a bean of type 'com.bleizing.pos.interfaces.StoragePlatform' in your configuration.

2025-02-24 14:05:00,222 INFO o.h.v.i.u.Version [background-preinit] HV000001: Hibernate Validator 8.0.1.Final
2025-02-24 14:05:00,256 INFO o.s.b.StartupInfoLogger [main] Starting PosApplication using Java 19.0.1 with PID 40660 (D:\Dimas\Projects\POS\pos\target\classes started by hand_ in D:\Dimas\Projects\POS\pos)
2025-02-24 14:05:00,256 DEBUG o.s.b.StartupInfoLogger [main] Running with Spring Boot v3.3.0, Spring v6.1.8
2025-02-24 14:05:00,257 INFO o.s.b.SpringApplication [main] No active profile set, falling back to 1 default profile: "default"
2025-02-24 14:05:00,888 INFO o.s.d.r.c.RepositoryConfigurationDelegate [main] Multiple Spring Data modules found, entering strict repository configuration mode
2025-02-24 14:05:00,890 INFO o.s.d.r.c.RepositoryConfigurationDelegate [main] Bootstrapping Spring Data JPA repositories in DEFAULT mode.
2025-02-24 14:05:01,018 INFO o.s.d.r.c.RepositoryConfigurationDelegate [main] Finished Spring Data repository scanning in 120 ms. Found 10 JPA repository interfaces.
2025-02-24 14:05:01,029 INFO o.s.d.r.c.RepositoryConfigurationDelegate [main] Multiple Spring Data modules found, entering strict repository configuration mode
2025-02-24 14:05:01,030 INFO o.s.d.r.c.RepositoryConfigurationDelegate [main] Bootstrapping Spring Data Redis repositories in DEFAULT mode.
2025-02-24 14:05:01,046 INFO o.s.d.r.c.RepositoryConfigurationExtensionSupport [main] Spring Data Redis - Could not safely identify store assignment for repository candidate interface com.bleizing.pos.repository.MenuRepository; If you want this repository to be a Redis repository, consider annotating your entities with one of these annotations: org.springframework.data.redis.core.RedisHash (preferred), or consider extending one of the following types with your repository: org.springframework.data.keyvalue.repository.KeyValueRepository
2025-02-24 14:05:01,046 INFO o.s.d.r.c.RepositoryConfigurationExtensionSupport [main] Spring Data Redis - Could not safely identify store assignment for repository candidate interface com.bleizing.pos.repository.MenuRolePermissionRepository; If you want this repository to be a Redis repository, consider annotating your entities with one of these annotations: org.springframework.data.redis.core.RedisHash (preferred), or consider extending one of the following types with your repository: org.springframework.data.keyvalue.repository.KeyValueRepository
2025-02-24 14:05:01,047 INFO o.s.d.r.c.RepositoryConfigurationExtensionSupport [main] Spring Data Redis - Could not safely identify store assignment for repository candidate interface com.bleizing.pos.repository.PermissionRepository; If you want this repository to be a Redis repository, consider annotating your entities with one of these annotations: org.springframework.data.redis.core.RedisHash (preferred), or consider extending one of the following types with your repository: org.springframework.data.keyvalue.repository.KeyValueRepository
2025-02-24 14:05:01,047 INFO o.s.d.r.c.RepositoryConfigurationExtensionSupport [main] Spring Data Redis - Could not safely identify store assignment for repository candidate interface com.bleizing.pos.repository.ProductRepository; If you want this repository to be a Redis repository, consider annotating your entities with one of these annotations: org.springframework.data.redis.core.RedisHash (preferred), or consider extending one of the following types with your repository: org.springframework.data.keyvalue.repository.KeyValueRepository
2025-02-24 14:05:01,047 INFO o.s.d.r.c.RepositoryConfigurationExtensionSupport [main] Spring Data Redis - Could not safely identify store assignment for repository candidate interface com.bleizing.pos.repository.RoleRepository; If you want this repository to be a Redis repository, consider annotating your entities with one of these annotations: org.springframework.data.redis.core.RedisHash (preferred), or consider extending one of the following types with your repository: org.springframework.data.keyvalue.repository.KeyValueRepository
2025-02-24 14:05:01,047 INFO o.s.d.r.c.RepositoryConfigurationExtensionSupport [main] Spring Data Redis - Could not safely identify store assignment for repository candidate interface com.bleizing.pos.repository.StoreRepository; If you want this repository to be a Redis repository, consider annotating your entities with one of these annotations: org.springframework.data.redis.core.RedisHash (preferred), or consider extending one of the following types with your repository: org.springframework.data.keyvalue.repository.KeyValueRepository
2025-02-24 14:05:01,048 INFO o.s.d.r.c.RepositoryConfigurationExtensionSupport [main] Spring Data Redis - Could not safely identify store assignment for repository candidate interface com.bleizing.pos.repository.SysParamRepository; If you want this repository to be a Redis repository, consider annotating your entities with one of these annotations: org.springframework.data.redis.core.RedisHash (preferred), or consider extending one of the following types with your repository: org.springframework.data.keyvalue.repository.KeyValueRepository
2025-02-24 14:05:01,048 INFO o.s.d.r.c.RepositoryConfigurationExtensionSupport [main] Spring Data Redis - Could not safely identify store assignment for repository candidate interface com.bleizing.pos.repository.UserRepository; If you want this repository to be a Redis repository, consider annotating your entities with one of these annotations: org.springframework.data.redis.core.RedisHash (preferred), or consider extending one of the following types with your repository: org.springframework.data.keyvalue.repository.KeyValueRepository
2025-02-24 14:05:01,048 INFO o.s.d.r.c.RepositoryConfigurationExtensionSupport [main] Spring Data Redis - Could not safely identify store assignment for repository candidate interface com.bleizing.pos.repository.UserRoleRepository; If you want this repository to be a Redis repository, consider annotating your entities with one of these annotations: org.springframework.data.redis.core.RedisHash (preferred), or consider extending one of the following types with your repository: org.springframework.data.keyvalue.repository.KeyValueRepository
2025-02-24 14:05:01,048 INFO o.s.d.r.c.RepositoryConfigurationExtensionSupport [main] Spring Data Redis - Could not safely identify store assignment for repository candidate interface com.bleizing.pos.repository.UserStoreRepository; If you want this repository to be a Redis repository, consider annotating your entities with one of these annotations: org.springframework.data.redis.core.RedisHash (preferred), or consider extending one of the following types with your repository: org.springframework.data.keyvalue.repository.KeyValueRepository
2025-02-24 14:05:01,049 INFO o.s.d.r.c.RepositoryConfigurationDelegate [main] Finished Spring Data repository scanning in 10 ms. Found 0 Redis repository interfaces.
2025-02-24 14:05:01,668 INFO o.s.b.w.e.t.TomcatWebServer [main] Tomcat initialized with port 8080 (http)
2025-02-24 14:05:01,678 INFO o.a.j.l.DirectJDKLog [main] Initializing ProtocolHandler ["http-nio-8080"]
2025-02-24 14:05:01,683 INFO o.a.j.l.DirectJDKLog [main] Starting service [Tomcat]
2025-02-24 14:05:01,684 INFO o.a.j.l.DirectJDKLog [main] Starting Servlet engine: [Apache Tomcat/10.1.24]
2025-02-24 14:05:01,739 INFO o.a.j.l.DirectJDKLog [main] Initializing Spring embedded WebApplicationContext
2025-02-24 14:05:01,740 INFO o.s.b.w.s.c.ServletWebServerApplicationContext [main] Root WebApplicationContext: initialization completed in 1446 ms
2025-02-24 14:05:01,872 INFO o.h.j.i.u.LogHelper [main] HHH000204: Processing PersistenceUnitInfo [name: default]
2025-02-24 14:05:01,904 INFO o.h.Version [main] HHH000412: Hibernate ORM core version 6.5.2.Final
2025-02-24 14:05:01,924 INFO o.h.c.i.RegionFactoryInitiator [main] HHH000026: Second-level cache disabled
2025-02-24 14:05:02,115 INFO o.s.o.j.p.SpringPersistenceUnitInfo [main] No LoadTimeWeaver setup: ignoring JPA class transformer
2025-02-24 14:05:02,132 INFO c.z.h.HikariDataSource [main] HikariPool-1 - Starting...
2025-02-24 14:05:02,232 INFO c.z.h.p.HikariPool [main] HikariPool-1 - Added connection org.postgresql.jdbc.PgConnection@6487f7f8
2025-02-24 14:05:02,233 INFO c.z.h.HikariDataSource [main] HikariPool-1 - Start completed.
2025-02-24 14:05:02,257 WARN o.h.e.j.d.i.DialectFactoryImpl [main] HHH90000025: PostgreSQLDialect does not need to be specified explicitly using 'hibernate.dialect' (remove the property setting and it will be selected by default)
2025-02-24 14:05:03,127 INFO o.h.e.t.j.p.i.JtaPlatformInitiator [main] HHH000489: No JTA platform available (set 'hibernate.transaction.jta.platform' to enable JTA platform integration)
2025-02-24 14:05:03,142 WARN o.h.e.j.s.SqlExceptionHelper$StandardWarningHandler [main] SQL Warning Code: 0, SQLState: 00000
2025-02-24 14:05:03,143 WARN o.h.e.j.s.SqlExceptionHelper$StandardWarningHandler [main] relation "menu_role_permissions" does not exist, skipping
2025-02-24 14:05:03,143 WARN o.h.e.j.s.SqlExceptionHelper$StandardWarningHandler [main] SQL Warning Code: 0, SQLState: 00000
2025-02-24 14:05:03,144 WARN o.h.e.j.s.SqlExceptionHelper$StandardWarningHandler [main] relation "menu_role_permissions" does not exist, skipping
2025-02-24 14:05:03,144 WARN o.h.e.j.s.SqlExceptionHelper$StandardWarningHandler [main] SQL Warning Code: 0, SQLState: 00000
2025-02-24 14:05:03,144 WARN o.h.e.j.s.SqlExceptionHelper$StandardWarningHandler [main] relation "menu_role_permissions" does not exist, skipping
2025-02-24 14:05:03,145 WARN o.h.e.j.s.SqlExceptionHelper$StandardWarningHandler [main] SQL Warning Code: 0, SQLState: 00000
2025-02-24 14:05:03,145 WARN o.h.e.j.s.SqlExceptionHelper$StandardWarningHandler [main] relation "products" does not exist, skipping
2025-02-24 14:05:03,145 WARN o.h.e.j.s.SqlExceptionHelper$StandardWarningHandler [main] SQL Warning Code: 0, SQLState: 00000
2025-02-24 14:05:03,145 WARN o.h.e.j.s.SqlExceptionHelper$StandardWarningHandler [main] relation "user_roles" does not exist, skipping
2025-02-24 14:05:03,145 WARN o.h.e.j.s.SqlExceptionHelper$StandardWarningHandler [main] SQL Warning Code: 0, SQLState: 00000
2025-02-24 14:05:03,145 WARN o.h.e.j.s.SqlExceptionHelper$StandardWarningHandler [main] relation "user_roles" does not exist, skipping
2025-02-24 14:05:03,146 WARN o.h.e.j.s.SqlExceptionHelper$StandardWarningHandler [main] SQL Warning Code: 0, SQLState: 00000
2025-02-24 14:05:03,146 WARN o.h.e.j.s.SqlExceptionHelper$StandardWarningHandler [main] relation "user_stores" does not exist, skipping
2025-02-24 14:05:03,146 WARN o.h.e.j.s.SqlExceptionHelper$StandardWarningHandler [main] SQL Warning Code: 0, SQLState: 00000
2025-02-24 14:05:03,146 WARN o.h.e.j.s.SqlExceptionHelper$StandardWarningHandler [main] relation "user_stores" does not exist, skipping
2025-02-24 14:05:03,147 WARN o.h.e.j.s.SqlExceptionHelper$StandardWarningHandler [main] SQL Warning Code: 0, SQLState: 00000
2025-02-24 14:05:03,147 WARN o.h.e.j.s.SqlExceptionHelper$StandardWarningHandler [main] table "menu_role_permissions" does not exist, skipping
2025-02-24 14:05:03,147 WARN o.h.e.j.s.SqlExceptionHelper$StandardWarningHandler [main] SQL Warning Code: 0, SQLState: 00000
2025-02-24 14:05:03,148 WARN o.h.e.j.s.SqlExceptionHelper$StandardWarningHandler [main] table "menus" does not exist, skipping
2025-02-24 14:05:03,148 WARN o.h.e.j.s.SqlExceptionHelper$StandardWarningHandler [main] SQL Warning Code: 0, SQLState: 00000
2025-02-24 14:05:03,148 WARN o.h.e.j.s.SqlExceptionHelper$StandardWarningHandler [main] table "permissions" does not exist, skipping
2025-02-24 14:05:03,148 WARN o.h.e.j.s.SqlExceptionHelper$StandardWarningHandler [main] SQL Warning Code: 0, SQLState: 00000
2025-02-24 14:05:03,148 WARN o.h.e.j.s.SqlExceptionHelper$StandardWarningHandler [main] table "products" does not exist, skipping
2025-02-24 14:05:03,149 WARN o.h.e.j.s.SqlExceptionHelper$StandardWarningHandler [main] SQL Warning Code: 0, SQLState: 00000
2025-02-24 14:05:03,149 WARN o.h.e.j.s.SqlExceptionHelper$StandardWarningHandler [main] table "roles" does not exist, skipping
2025-02-24 14:05:03,149 WARN o.h.e.j.s.SqlExceptionHelper$StandardWarningHandler [main] SQL Warning Code: 0, SQLState: 00000
2025-02-24 14:05:03,149 WARN o.h.e.j.s.SqlExceptionHelper$StandardWarningHandler [main] table "stores" does not exist, skipping
2025-02-24 14:05:03,150 WARN o.h.e.j.s.SqlExceptionHelper$StandardWarningHandler [main] SQL Warning Code: 0, SQLState: 00000
2025-02-24 14:05:03,150 WARN o.h.e.j.s.SqlExceptionHelper$StandardWarningHandler [main] table "sys_params" does not exist, skipping
2025-02-24 14:05:03,151 WARN o.h.e.j.s.SqlExceptionHelper$StandardWarningHandler [main] SQL Warning Code: 0, SQLState: 00000
2025-02-24 14:05:03,151 WARN o.h.e.j.s.SqlExceptionHelper$StandardWarningHandler [main] table "user_roles" does not exist, skipping
2025-02-24 14:05:03,151 WARN o.h.e.j.s.SqlExceptionHelper$StandardWarningHandler [main] SQL Warning Code: 0, SQLState: 00000
2025-02-24 14:05:03,151 WARN o.h.e.j.s.SqlExceptionHelper$StandardWarningHandler [main] table "user_stores" does not exist, skipping
2025-02-24 14:05:03,152 WARN o.h.e.j.s.SqlExceptionHelper$StandardWarningHandler [main] SQL Warning Code: 0, SQLState: 00000
2025-02-24 14:05:03,152 WARN o.h.e.j.s.SqlExceptionHelper$StandardWarningHandler [main] table "users" does not exist, skipping
2025-02-24 14:05:03,229 INFO o.s.o.j.AbstractEntityManagerFactoryBean [main] Initialized JPA EntityManagerFactory for persistence unit 'default'
2025-02-24 14:05:04,380 WARN o.s.b.a.o.j.JpaBaseConfiguration$JpaWebConfiguration [main] spring.jpa.open-in-view is enabled by default. Therefore, database queries may be performed during view rendering. Explicitly configure spring.jpa.open-in-view to disable this warning
2025-02-24 14:05:05,313 INFO o.a.j.l.DirectJDKLog [main] Starting ProtocolHandler ["http-nio-8080"]
2025-02-24 14:05:05,335 INFO o.s.b.w.e.t.TomcatWebServer [main] Tomcat started on port 8080 (http) with context path '/pos'
2025-02-24 14:05:05,344 INFO o.s.b.StartupInfoLogger [main] Started PosApplication in 5.474 seconds (process running for 5.778)
2025-02-24 14:05:05,346 INFO c.b.p.l.StartupListener [main] Startup Listener
2025-02-24 14:05:05,745 ERROR o.s.b.SpringApplication [main] Application run failed
org.springframework.data.redis.RedisConnectionFailureException: Unable to connect to Redis
	at org.springframework.data.redis.connection.lettuce.LettuceConnectionFactory$ExceptionTranslatingConnectionProvider.translateException(LettuceConnectionFactory.java:1847)
	at org.springframework.data.redis.connection.lettuce.LettuceConnectionFactory$ExceptionTranslatingConnectionProvider.getConnection(LettuceConnectionFactory.java:1778)
	at org.springframework.data.redis.connection.lettuce.LettuceConnectionFactory$SharedConnection.getNativeConnection(LettuceConnectionFactory.java:1580)
	at org.springframework.data.redis.connection.lettuce.LettuceConnectionFactory$SharedConnection.lambda$getConnection$0(LettuceConnectionFactory.java:1560)
	at org.springframework.data.redis.connection.lettuce.LettuceConnectionFactory.doInLock(LettuceConnectionFactory.java:1521)
	at org.springframework.data.redis.connection.lettuce.LettuceConnectionFactory$SharedConnection.getConnection(LettuceConnectionFactory.java:1557)
	at org.springframework.data.redis.connection.lettuce.LettuceConnectionFactory.getSharedConnection(LettuceConnectionFactory.java:1243)
	at org.springframework.data.redis.connection.lettuce.LettuceConnectionFactory.getConnection(LettuceConnectionFactory.java:1049)
	at org.springframework.data.redis.core.RedisConnectionUtils.fetchConnection(RedisConnectionUtils.java:195)
	at org.springframework.data.redis.core.RedisConnectionUtils.doGetConnection(RedisConnectionUtils.java:144)
	at org.springframework.data.redis.core.RedisConnectionUtils.getConnection(RedisConnectionUtils.java:105)
	at org.springframework.data.redis.core.RedisTemplate.execute(RedisTemplate.java:383)
	at org.springframework.data.redis.core.RedisTemplate.execute(RedisTemplate.java:363)
	at org.springframework.data.redis.core.AbstractOperations.execute(AbstractOperations.java:97)
	at org.springframework.data.redis.core.DefaultHashOperations.putIfAbsent(DefaultHashOperations.java:210)
	at com.bleizing.pos.util.RedisUtil.setOps(RedisUtil.java:45)
	at com.bleizing.pos.listener.StartupListener.initData(StartupListener.java:99)
	at com.bleizing.pos.listener.StartupListener.onApplicationEvent(StartupListener.java:87)
	at com.bleizing.pos.listener.StartupListener.onApplicationEvent(StartupListener.java:44)
	at org.springframework.context.event.SimpleApplicationEventMulticaster.doInvokeListener(SimpleApplicationEventMulticaster.java:185)
	at org.springframework.context.event.SimpleApplicationEventMulticaster.invokeListener(SimpleApplicationEventMulticaster.java:178)
	at org.springframework.context.event.SimpleApplicationEventMulticaster.multicastEvent(SimpleApplicationEventMulticaster.java:156)
	at org.springframework.context.support.AbstractApplicationContext.publishEvent(AbstractApplicationContext.java:451)
	at org.springframework.context.support.AbstractApplicationContext.publishEvent(AbstractApplicationContext.java:384)
	at org.springframework.boot.context.event.EventPublishingRunListener.ready(EventPublishingRunListener.java:109)
	at org.springframework.boot.SpringApplicationRunListeners.lambda$ready$6(SpringApplicationRunListeners.java:80)
	at java.base/java.lang.Iterable.forEach(Iterable.java:75)
	at org.springframework.boot.SpringApplicationRunListeners.doWithListeners(SpringApplicationRunListeners.java:118)
	at org.springframework.boot.SpringApplicationRunListeners.doWithListeners(SpringApplicationRunListeners.java:112)
	at org.springframework.boot.SpringApplicationRunListeners.ready(SpringApplicationRunListeners.java:80)
	at org.springframework.boot.SpringApplication.run(SpringApplication.java:349)
	at org.springframework.boot.SpringApplication.run(SpringApplication.java:1363)
	at org.springframework.boot.SpringApplication.run(SpringApplication.java:1352)
	at com.bleizing.pos.PosApplication.main(PosApplication.java:12)
Caused by: io.lettuce.core.RedisConnectionException: Unable to connect to localhost/<unresolved>:6379
	at io.lettuce.core.RedisConnectionException.create(RedisConnectionException.java:78)
	at io.lettuce.core.RedisConnectionException.create(RedisConnectionException.java:56)
	at io.lettuce.core.AbstractRedisClient.getConnection(AbstractRedisClient.java:350)
	at io.lettuce.core.RedisClient.connect(RedisClient.java:215)
	at org.springframework.data.redis.connection.lettuce.StandaloneConnectionProvider.lambda$getConnection$1(StandaloneConnectionProvider.java:112)
	at java.base/java.util.Optional.orElseGet(Optional.java:364)
	at org.springframework.data.redis.connection.lettuce.StandaloneConnectionProvider.getConnection(StandaloneConnectionProvider.java:112)
	at org.springframework.data.redis.connection.lettuce.LettuceConnectionFactory$ExceptionTranslatingConnectionProvider.getConnection(LettuceConnectionFactory.java:1776)
	... 32 common frames omitted
Caused by: io.netty.channel.AbstractChannel$AnnotatedConnectException: Connection refused: no further information: localhost/127.0.0.1:6379
Caused by: java.net.ConnectException: Connection refused: no further information
	at java.base/sun.nio.ch.Net.pollConnect(Native Method)
	at java.base/sun.nio.ch.Net.pollConnectNow(Net.java:672)
	at java.base/sun.nio.ch.SocketChannelImpl.finishConnect(SocketChannelImpl.java:973)
	at io.netty.channel.socket.nio.NioSocketChannel.doFinishConnect(NioSocketChannel.java:336)
	at io.netty.channel.nio.AbstractNioChannel$AbstractNioUnsafe.finishConnect(AbstractNioChannel.java:339)
	at io.netty.channel.nio.NioEventLoop.processSelectedKey(NioEventLoop.java:776)
	at io.netty.channel.nio.NioEventLoop.processSelectedKeysOptimized(NioEventLoop.java:724)
	at io.netty.channel.nio.NioEventLoop.processSelectedKeys(NioEventLoop.java:650)
	at io.netty.channel.nio.NioEventLoop.run(NioEventLoop.java:562)
	at io.netty.util.concurrent.SingleThreadEventExecutor$4.run(SingleThreadEventExecutor.java:994)
	at io.netty.util.internal.ThreadExecutorMap$2.run(ThreadExecutorMap.java:74)
	at io.netty.util.concurrent.FastThreadLocalRunnable.run(FastThreadLocalRunnable.java:30)
	at java.base/java.lang.Thread.run(Thread.java:1589)
2025-02-24 14:05:05,751 INFO o.a.j.l.DirectJDKLog [main] Stopping ProtocolHandler ["http-nio-8080"]
2025-02-24 14:05:05,884 INFO o.s.o.j.AbstractEntityManagerFactoryBean [main] Closing JPA EntityManagerFactory for persistence unit 'default'
2025-02-24 14:05:05,922 INFO c.z.h.HikariDataSource [main] HikariPool-1 - Shutdown initiated...
2025-02-24 14:05:05,925 INFO c.z.h.HikariDataSource [main] HikariPool-1 - Shutdown completed.
2025-02-24 14:05:43,233 INFO o.h.v.i.u.Version [background-preinit] HV000001: Hibernate Validator 8.0.1.Final
2025-02-24 14:05:43,276 INFO o.s.b.StartupInfoLogger [main] Starting PosApplication using Java 19.0.1 with PID 34424 (D:\Dimas\Projects\POS\pos\target\classes started by hand_ in D:\Dimas\Projects\POS\pos)
2025-02-24 14:05:43,277 DEBUG o.s.b.StartupInfoLogger [main] Running with Spring Boot v3.3.0, Spring v6.1.8
2025-02-24 14:05:43,277 INFO o.s.b.SpringApplication [main] No active profile set, falling back to 1 default profile: "default"
2025-02-24 14:05:43,892 INFO o.s.d.r.c.RepositoryConfigurationDelegate [main] Multiple Spring Data modules found, entering strict repository configuration mode
2025-02-24 14:05:43,894 INFO o.s.d.r.c.RepositoryConfigurationDelegate [main] Bootstrapping Spring Data JPA repositories in DEFAULT mode.
2025-02-24 14:05:44,034 INFO o.s.d.r.c.RepositoryConfigurationDelegate [main] Finished Spring Data repository scanning in 136 ms. Found 10 JPA repository interfaces.
2025-02-24 14:05:44,047 INFO o.s.d.r.c.RepositoryConfigurationDelegate [main] Multiple Spring Data modules found, entering strict repository configuration mode
2025-02-24 14:05:44,048 INFO o.s.d.r.c.RepositoryConfigurationDelegate [main] Bootstrapping Spring Data Redis repositories in DEFAULT mode.
2025-02-24 14:05:44,061 INFO o.s.d.r.c.RepositoryConfigurationExtensionSupport [main] Spring Data Redis - Could not safely identify store assignment for repository candidate interface com.bleizing.pos.repository.MenuRepository; If you want this repository to be a Redis repository, consider annotating your entities with one of these annotations: org.springframework.data.redis.core.RedisHash (preferred), or consider extending one of the following types with your repository: org.springframework.data.keyvalue.repository.KeyValueRepository
2025-02-24 14:05:44,062 INFO o.s.d.r.c.RepositoryConfigurationExtensionSupport [main] Spring Data Redis - Could not safely identify store assignment for repository candidate interface com.bleizing.pos.repository.MenuRolePermissionRepository; If you want this repository to be a Redis repository, consider annotating your entities with one of these annotations: org.springframework.data.redis.core.RedisHash (preferred), or consider extending one of the following types with your repository: org.springframework.data.keyvalue.repository.KeyValueRepository
2025-02-24 14:05:44,062 INFO o.s.d.r.c.RepositoryConfigurationExtensionSupport [main] Spring Data Redis - Could not safely identify store assignment for repository candidate interface com.bleizing.pos.repository.PermissionRepository; If you want this repository to be a Redis repository, consider annotating your entities with one of these annotations: org.springframework.data.redis.core.RedisHash (preferred), or consider extending one of the following types with your repository: org.springframework.data.keyvalue.repository.KeyValueRepository
2025-02-24 14:05:44,062 INFO o.s.d.r.c.RepositoryConfigurationExtensionSupport [main] Spring Data Redis - Could not safely identify store assignment for repository candidate interface com.bleizing.pos.repository.ProductRepository; If you want this repository to be a Redis repository, consider annotating your entities with one of these annotations: org.springframework.data.redis.core.RedisHash (preferred), or consider extending one of the following types with your repository: org.springframework.data.keyvalue.repository.KeyValueRepository
2025-02-24 14:05:44,063 INFO o.s.d.r.c.RepositoryConfigurationExtensionSupport [main] Spring Data Redis - Could not safely identify store assignment for repository candidate interface com.bleizing.pos.repository.RoleRepository; If you want this repository to be a Redis repository, consider annotating your entities with one of these annotations: org.springframework.data.redis.core.RedisHash (preferred), or consider extending one of the following types with your repository: org.springframework.data.keyvalue.repository.KeyValueRepository
2025-02-24 14:05:44,063 INFO o.s.d.r.c.RepositoryConfigurationExtensionSupport [main] Spring Data Redis - Could not safely identify store assignment for repository candidate interface com.bleizing.pos.repository.StoreRepository; If you want this repository to be a Redis repository, consider annotating your entities with one of these annotations: org.springframework.data.redis.core.RedisHash (preferred), or consider extending one of the following types with your repository: org.springframework.data.keyvalue.repository.KeyValueRepository
2025-02-24 14:05:44,064 INFO o.s.d.r.c.RepositoryConfigurationExtensionSupport [main] Spring Data Redis - Could not safely identify store assignment for repository candidate interface com.bleizing.pos.repository.SysParamRepository; If you want this repository to be a Redis repository, consider annotating your entities with one of these annotations: org.springframework.data.redis.core.RedisHash (preferred), or consider extending one of the following types with your repository: org.springframework.data.keyvalue.repository.KeyValueRepository
2025-02-24 14:05:44,064 INFO o.s.d.r.c.RepositoryConfigurationExtensionSupport [main] Spring Data Redis - Could not safely identify store assignment for repository candidate interface com.bleizing.pos.repository.UserRepository; If you want this repository to be a Redis repository, consider annotating your entities with one of these annotations: org.springframework.data.redis.core.RedisHash (preferred), or consider extending one of the following types with your repository: org.springframework.data.keyvalue.repository.KeyValueRepository
2025-02-24 14:05:44,064 INFO o.s.d.r.c.RepositoryConfigurationExtensionSupport [main] Spring Data Redis - Could not safely identify store assignment for repository candidate interface com.bleizing.pos.repository.UserRoleRepository; If you want this repository to be a Redis repository, consider annotating your entities with one of these annotations: org.springframework.data.redis.core.RedisHash (preferred), or consider extending one of the following types with your repository: org.springframework.data.keyvalue.repository.KeyValueRepository
2025-02-24 14:05:44,065 INFO o.s.d.r.c.RepositoryConfigurationExtensionSupport [main] Spring Data Redis - Could not safely identify store assignment for repository candidate interface com.bleizing.pos.repository.UserStoreRepository; If you want this repository to be a Redis repository, consider annotating your entities with one of these annotations: org.springframework.data.redis.core.RedisHash (preferred), or consider extending one of the following types with your repository: org.springframework.data.keyvalue.repository.KeyValueRepository
2025-02-24 14:05:44,065 INFO o.s.d.r.c.RepositoryConfigurationDelegate [main] Finished Spring Data repository scanning in 10 ms. Found 0 Redis repository interfaces.
2025-02-24 14:05:44,646 INFO o.s.b.w.e.t.TomcatWebServer [main] Tomcat initialized with port 8080 (http)
2025-02-24 14:05:44,659 INFO o.a.j.l.DirectJDKLog [main] Initializing ProtocolHandler ["http-nio-8080"]
2025-02-24 14:05:44,661 INFO o.a.j.l.DirectJDKLog [main] Starting service [Tomcat]
2025-02-24 14:05:44,662 INFO o.a.j.l.DirectJDKLog [main] Starting Servlet engine: [Apache Tomcat/10.1.24]
2025-02-24 14:05:44,718 INFO o.a.j.l.DirectJDKLog [main] Initializing Spring embedded WebApplicationContext
2025-02-24 14:05:44,719 INFO o.s.b.w.s.c.ServletWebServerApplicationContext [main] Root WebApplicationContext: initialization completed in 1400 ms
2025-02-24 14:05:44,848 INFO o.h.j.i.u.LogHelper [main] HHH000204: Processing PersistenceUnitInfo [name: default]
2025-02-24 14:05:44,882 INFO o.h.Version [main] HHH000412: Hibernate ORM core version 6.5.2.Final
2025-02-24 14:05:44,906 INFO o.h.c.i.RegionFactoryInitiator [main] HHH000026: Second-level cache disabled
2025-02-24 14:05:45,119 INFO o.s.o.j.p.SpringPersistenceUnitInfo [main] No LoadTimeWeaver setup: ignoring JPA class transformer
2025-02-24 14:05:45,137 INFO c.z.h.HikariDataSource [main] HikariPool-1 - Starting...
2025-02-24 14:05:45,345 INFO c.z.h.p.HikariPool [main] HikariPool-1 - Added connection org.postgresql.jdbc.PgConnection@1d2d4d7a
2025-02-24 14:05:45,346 INFO c.z.h.HikariDataSource [main] HikariPool-1 - Start completed.
2025-02-24 14:05:45,372 WARN o.h.e.j.d.i.DialectFactoryImpl [main] HHH90000025: PostgreSQLDialect does not need to be specified explicitly using 'hibernate.dialect' (remove the property setting and it will be selected by default)
2025-02-24 14:05:46,327 INFO o.h.e.t.j.p.i.JtaPlatformInitiator [main] HHH000489: No JTA platform available (set 'hibernate.transaction.jta.platform' to enable JTA platform integration)
2025-02-24 14:05:46,340 WARN o.h.e.j.s.SqlExceptionHelper$StandardWarningHandler [main] SQL Warning Code: 0, SQLState: 00000
2025-02-24 14:05:46,340 WARN o.h.e.j.s.SqlExceptionHelper$StandardWarningHandler [main] relation "menu_role_permissions" does not exist, skipping
2025-02-24 14:05:46,341 WARN o.h.e.j.s.SqlExceptionHelper$StandardWarningHandler [main] SQL Warning Code: 0, SQLState: 00000
2025-02-24 14:05:46,341 WARN o.h.e.j.s.SqlExceptionHelper$StandardWarningHandler [main] relation "menu_role_permissions" does not exist, skipping
2025-02-24 14:05:46,342 WARN o.h.e.j.s.SqlExceptionHelper$StandardWarningHandler [main] SQL Warning Code: 0, SQLState: 00000
2025-02-24 14:05:46,342 WARN o.h.e.j.s.SqlExceptionHelper$StandardWarningHandler [main] relation "menu_role_permissions" does not exist, skipping
2025-02-24 14:05:46,342 WARN o.h.e.j.s.SqlExceptionHelper$StandardWarningHandler [main] SQL Warning Code: 0, SQLState: 00000
2025-02-24 14:05:46,342 WARN o.h.e.j.s.SqlExceptionHelper$StandardWarningHandler [main] relation "products" does not exist, skipping
2025-02-24 14:05:46,343 WARN o.h.e.j.s.SqlExceptionHelper$StandardWarningHandler [main] SQL Warning Code: 0, SQLState: 00000
2025-02-24 14:05:46,343 WARN o.h.e.j.s.SqlExceptionHelper$StandardWarningHandler [main] relation "user_roles" does not exist, skipping
2025-02-24 14:05:46,343 WARN o.h.e.j.s.SqlExceptionHelper$StandardWarningHandler [main] SQL Warning Code: 0, SQLState: 00000
2025-02-24 14:05:46,343 WARN o.h.e.j.s.SqlExceptionHelper$StandardWarningHandler [main] relation "user_roles" does not exist, skipping
2025-02-24 14:05:46,344 WARN o.h.e.j.s.SqlExceptionHelper$StandardWarningHandler [main] SQL Warning Code: 0, SQLState: 00000
2025-02-24 14:05:46,344 WARN o.h.e.j.s.SqlExceptionHelper$StandardWarningHandler [main] relation "user_stores" does not exist, skipping
2025-02-24 14:05:46,344 WARN o.h.e.j.s.SqlExceptionHelper$StandardWarningHandler [main] SQL Warning Code: 0, SQLState: 00000
2025-02-24 14:05:46,344 WARN o.h.e.j.s.SqlExceptionHelper$StandardWarningHandler [main] relation "user_stores" does not exist, skipping
2025-02-24 14:05:46,345 WARN o.h.e.j.s.SqlExceptionHelper$StandardWarningHandler [main] SQL Warning Code: 0, SQLState: 00000
2025-02-24 14:05:46,345 WARN o.h.e.j.s.SqlExceptionHelper$StandardWarningHandler [main] table "menu_role_permissions" does not exist, skipping
2025-02-24 14:05:46,345 WARN o.h.e.j.s.SqlExceptionHelper$StandardWarningHandler [main] SQL Warning Code: 0, SQLState: 00000
2025-02-24 14:05:46,345 WARN o.h.e.j.s.SqlExceptionHelper$StandardWarningHandler [main] table "menus" does not exist, skipping
2025-02-24 14:05:46,346 WARN o.h.e.j.s.SqlExceptionHelper$StandardWarningHandler [main] SQL Warning Code: 0, SQLState: 00000
2025-02-24 14:05:46,346 WARN o.h.e.j.s.SqlExceptionHelper$StandardWarningHandler [main] table "permissions" does not exist, skipping
2025-02-24 14:05:46,346 WARN o.h.e.j.s.SqlExceptionHelper$StandardWarningHandler [main] SQL Warning Code: 0, SQLState: 00000
2025-02-24 14:05:46,346 WARN o.h.e.j.s.SqlExceptionHelper$StandardWarningHandler [main] table "products" does not exist, skipping
2025-02-24 14:05:46,346 WARN o.h.e.j.s.SqlExceptionHelper$StandardWarningHandler [main] SQL Warning Code: 0, SQLState: 00000
2025-02-24 14:05:46,347 WARN o.h.e.j.s.SqlExceptionHelper$StandardWarningHandler [main] table "roles" does not exist, skipping
2025-02-24 14:05:46,347 WARN o.h.e.j.s.SqlExceptionHelper$StandardWarningHandler [main] SQL Warning Code: 0, SQLState: 00000
2025-02-24 14:05:46,347 WARN o.h.e.j.s.SqlExceptionHelper$StandardWarningHandler [main] table "stores" does not exist, skipping
2025-02-24 14:05:46,347 WARN o.h.e.j.s.SqlExceptionHelper$StandardWarningHandler [main] SQL Warning Code: 0, SQLState: 00000
2025-02-24 14:05:46,348 WARN o.h.e.j.s.SqlExceptionHelper$StandardWarningHandler [main] table "sys_params" does not exist, skipping
2025-02-24 14:05:46,350 WARN o.h.e.j.s.SqlExceptionHelper$StandardWarningHandler [main] SQL Warning Code: 0, SQLState: 00000
2025-02-24 14:05:46,350 WARN o.h.e.j.s.SqlExceptionHelper$StandardWarningHandler [main] table "user_roles" does not exist, skipping
2025-02-24 14:05:46,350 WARN o.h.e.j.s.SqlExceptionHelper$StandardWarningHandler [main] SQL Warning Code: 0, SQLState: 00000
2025-02-24 14:05:46,350 WARN o.h.e.j.s.SqlExceptionHelper$StandardWarningHandler [main] table "user_stores" does not exist, skipping
2025-02-24 14:05:46,351 WARN o.h.e.j.s.SqlExceptionHelper$StandardWarningHandler [main] SQL Warning Code: 0, SQLState: 00000
2025-02-24 14:05:46,351 WARN o.h.e.j.s.SqlExceptionHelper$StandardWarningHandler [main] table "users" does not exist, skipping
2025-02-24 14:05:46,425 INFO o.s.o.j.AbstractEntityManagerFactoryBean [main] Initialized JPA EntityManagerFactory for persistence unit 'default'
2025-02-24 14:05:47,618 WARN o.s.b.a.o.j.JpaBaseConfiguration$JpaWebConfiguration [main] spring.jpa.open-in-view is enabled by default. Therefore, database queries may be performed during view rendering. Explicitly configure spring.jpa.open-in-view to disable this warning
2025-02-24 14:05:48,542 INFO o.a.j.l.DirectJDKLog [main] Starting ProtocolHandler ["http-nio-8080"]
2025-02-24 14:05:48,556 INFO o.s.b.w.e.t.TomcatWebServer [main] Tomcat started on port 8080 (http) with context path '/pos'
2025-02-24 14:05:48,565 INFO o.s.b.StartupInfoLogger [main] Started PosApplication in 5.68 seconds (process running for 5.968)
2025-02-24 14:05:48,566 INFO c.b.p.l.StartupListener [main] Startup Listener
2025-02-24 14:05:48,908 INFO c.b.p.l.StartupListener [main] storage platform 1 = minio
2025-02-24 14:05:48,912 INFO c.b.p.l.StartupListener [main] storage platform 2 = minio
2025-02-24 14:05:48,912 INFO c.b.p.l.StartupListener [main] storage platform 3 = s3
2025-02-24 14:05:52,748 INFO o.a.j.l.DirectJDKLog [http-nio-8080-exec-3] Initializing Spring DispatcherServlet 'dispatcherServlet'
2025-02-24 14:05:52,748 INFO o.s.w.s.FrameworkServlet [http-nio-8080-exec-3] Initializing Servlet 'dispatcherServlet'
2025-02-24 14:05:52,749 INFO o.s.w.s.FrameworkServlet [http-nio-8080-exec-3] Completed initialization in 0 ms
2025-02-24 14:06:40,431 INFO o.s.a.AbstractOpenApiResource [http-nio-8080-exec-6] Init duration for springdoc-openapi is: 249 ms
2025-02-24 14:08:00,030 INFO c.b.p.a.LoggingAspect [http-nio-8080-exec-2] Start login() -> args = [LoginRequest(email=superadmin@tes.com, password=a)]
2025-02-24 14:08:00,031 INFO c.b.p.a.LoggingAspect [http-nio-8080-exec-2] Before login() -> [LoginRequest(email=superadmin@tes.com, password=a)]
2025-02-24 14:08:00,041 ERROR c.b.p.a.LoggingAspect [http-nio-8080-exec-2] AfterThrowing login() -> Email or password incorrect
2025-02-24 14:08:00,041 INFO c.b.p.a.LoggingAspect [http-nio-8080-exec-2] After login() -> [LoginRequest(email=superadmin@tes.com, password=a)]
2025-02-24 14:09:05,755 INFO c.b.p.a.LoggingAspect [http-nio-8080-exec-7] Start login() -> args = [LoginRequest(email=superadmin@tes.com, password=superadmin)]
2025-02-24 14:09:05,756 INFO c.b.p.a.LoggingAspect [http-nio-8080-exec-7] Before login() -> [LoginRequest(email=superadmin@tes.com, password=superadmin)]
2025-02-24 14:09:05,857 INFO c.b.p.a.LoggingAspect [http-nio-8080-exec-7] AfterReturning login() -> LoginResponse(accessToken=eyJhbGciOiJIUzM4NCJ9.eyJzdWIiOiJzdXBlcmFkbWluQHRlcy5jb20iLCJzdG9yZUlkIjowLCJ1c2VySWQiOjEsImlhdCI6MTc0MDM4MDk0NSwiZXhwIjoxNzQwMzg0NTQ1fQ.H2gi0_W6RGbh8Ysz6_xrrBQjU0ntG_ZlMyVbcUbFBMm98JQnBqTmP9vXXtHCOP9P, expiredIn=3600000)
2025-02-24 14:09:05,857 INFO c.b.p.a.LoggingAspect [http-nio-8080-exec-7] After login() -> [LoginRequest(email=superadmin@tes.com, password=superadmin)]
2025-02-24 14:09:05,858 INFO c.b.p.a.LoggingAspect [http-nio-8080-exec-7] End login()
2025-02-24 14:09:16,754 INFO c.b.p.a.LoggingAspect [http-nio-8080-exec-8] Start getStoreByUserLoggedIn() -> args = [0, null]
2025-02-24 14:09:16,754 INFO c.b.p.a.LoggingAspect [http-nio-8080-exec-8] Before getStoreByUserLoggedIn() -> [0, null]
2025-02-24 14:09:16,755 ERROR c.b.p.a.LoggingAspect [http-nio-8080-exec-8] AfterThrowing getStoreByUserLoggedIn() -> Code must be filled
2025-02-24 14:09:16,755 INFO c.b.p.a.LoggingAspect [http-nio-8080-exec-8] After getStoreByUserLoggedIn() -> [0, null]
2025-02-24 14:09:24,292 INFO c.b.p.a.LoggingAspect [http-nio-8080-exec-10] Start getStoreByUserLoggedIn() -> args = [0, S1]
2025-02-24 14:09:24,293 INFO c.b.p.a.LoggingAspect [http-nio-8080-exec-10] Before getStoreByUserLoggedIn() -> [0, S1]
2025-02-24 14:09:24,307 INFO c.b.p.a.LoggingAspect [http-nio-8080-exec-10] AfterReturning getStoreByUserLoggedIn() -> GetStoreByUserLoggedInResponse(name=Toko A, code=S1)
2025-02-24 14:09:24,307 INFO c.b.p.a.LoggingAspect [http-nio-8080-exec-10] After getStoreByUserLoggedIn() -> [0, S1]
2025-02-24 14:09:24,307 INFO c.b.p.a.LoggingAspect [http-nio-8080-exec-10] End getStoreByUserLoggedIn()
2025-02-24 14:09:32,792 INFO c.b.p.a.LoggingAspect [http-nio-8080-exec-3] Start getAll() -> args = []
2025-02-24 14:09:32,792 INFO c.b.p.a.LoggingAspect [http-nio-8080-exec-3] Before getAll() -> []
2025-02-24 14:09:32,797 INFO c.b.p.a.LoggingAspect [http-nio-8080-exec-3] AfterReturning getAll() -> GetAllStoreResponse(stores=[GetAllStoreWrapper(name=Toko A, code=S1), GetAllStoreWrapper(name=Toko B, code=S2)])
2025-02-24 14:09:32,798 INFO c.b.p.a.LoggingAspect [http-nio-8080-exec-3] After getAll() -> []
2025-02-24 14:09:32,798 INFO c.b.p.a.LoggingAspect [http-nio-8080-exec-3] End getAll()
2025-02-24 14:09:47,003 INFO c.b.p.a.LoggingAspect [http-nio-8080-exec-9] Start get() -> args = [0, P1]
2025-02-24 14:09:47,003 INFO c.b.p.a.LoggingAspect [http-nio-8080-exec-9] Before get() -> [0, P1]
2025-02-24 14:09:47,005 ERROR c.b.p.a.LoggingAspect [http-nio-8080-exec-9] AfterThrowing get() -> Store not found
2025-02-24 14:09:47,006 INFO c.b.p.a.LoggingAspect [http-nio-8080-exec-9] After get() -> [0, P1]
2025-02-24 14:10:02,311 INFO c.b.p.a.LoggingAspect [http-nio-8080-exec-5] Start get() -> args = [0, T1]
2025-02-24 14:10:02,311 INFO c.b.p.a.LoggingAspect [http-nio-8080-exec-5] Before get() -> [0, T1]
2025-02-24 14:10:02,313 ERROR c.b.p.a.LoggingAspect [http-nio-8080-exec-5] AfterThrowing get() -> Store not found
2025-02-24 14:10:02,314 INFO c.b.p.a.LoggingAspect [http-nio-8080-exec-5] After get() -> [0, T1]
2025-02-24 14:10:12,161 INFO c.b.p.a.LoggingAspect [http-nio-8080-exec-6] Start get() -> args = [0, null]
2025-02-24 14:10:12,161 INFO c.b.p.a.LoggingAspect [http-nio-8080-exec-6] Before get() -> [0, null]
2025-02-24 14:10:12,161 ERROR c.b.p.a.LoggingAspect [http-nio-8080-exec-6] AfterThrowing get() -> Code must be filled
2025-02-24 14:10:12,162 INFO c.b.p.a.LoggingAspect [http-nio-8080-exec-6] After get() -> [0, null]
2025-02-24 14:10:16,923 INFO c.b.p.a.LoggingAspect [http-nio-8080-exec-7] Start get() -> args = [0, T2]
2025-02-24 14:10:16,924 INFO c.b.p.a.LoggingAspect [http-nio-8080-exec-7] Before get() -> [0, T2]
2025-02-24 14:10:16,926 ERROR c.b.p.a.LoggingAspect [http-nio-8080-exec-7] AfterThrowing get() -> Store not found
2025-02-24 14:10:16,926 INFO c.b.p.a.LoggingAspect [http-nio-8080-exec-7] After get() -> [0, T2]
2025-02-24 14:12:07,085 INFO c.b.p.a.LoggingAspect [http-nio-8080-exec-8] Start get() -> args = [0, null]
2025-02-24 14:12:07,086 INFO c.b.p.a.LoggingAspect [http-nio-8080-exec-8] Before get() -> [0, null]
2025-02-24 14:12:07,086 ERROR c.b.p.a.LoggingAspect [http-nio-8080-exec-8] AfterThrowing get() -> Code must be filled
2025-02-24 14:12:07,086 INFO c.b.p.a.LoggingAspect [http-nio-8080-exec-8] After get() -> [0, null]
2025-02-24 14:13:58,980 INFO c.b.p.a.LoggingAspect [http-nio-8080-exec-10] Start get() -> args = [0, T1]
2025-02-24 14:13:58,980 INFO c.b.p.a.LoggingAspect [http-nio-8080-exec-10] Before get() -> [0, T1]
2025-02-24 14:13:58,982 ERROR c.b.p.a.LoggingAspect [http-nio-8080-exec-10] AfterThrowing get() -> Store not found
2025-02-24 14:13:58,983 INFO c.b.p.a.LoggingAspect [http-nio-8080-exec-10] After get() -> [0, T1]
2025-02-24 14:14:10,445 INFO c.b.p.a.LoggingAspect [http-nio-8080-exec-1] Start get() -> args = [0, S1]
2025-02-24 14:14:10,446 INFO c.b.p.a.LoggingAspect [http-nio-8080-exec-1] Before get() -> [0, S1]
2025-02-24 14:14:10,452 INFO c.b.p.a.LoggingAspect [http-nio-8080-exec-1] AfterReturning get() -> GetProductResponse(products=[GetProductWrapper(name=Test1, code=T1, price=100.00, image=), GetProductWrapper(name=Test2, code=T2, price=100.50, image=)])
2025-02-24 14:14:10,453 INFO c.b.p.a.LoggingAspect [http-nio-8080-exec-1] After get() -> [0, S1]
2025-02-24 14:14:10,454 INFO c.b.p.a.LoggingAspect [http-nio-8080-exec-1] End get()
2025-02-24 14:16:38,646 INFO c.b.p.a.LoggingAspect [http-nio-8080-exec-9] Start get() -> args = [0, S1]
2025-02-24 14:16:38,647 INFO c.b.p.a.LoggingAspect [http-nio-8080-exec-9] Before get() -> [0, S1]
2025-02-24 14:16:38,651 INFO c.b.p.a.LoggingAspect [http-nio-8080-exec-9] AfterReturning get() -> GetProductResponse(products=[GetProductWrapper(name=Test1, code=T1, price=100.00, image=), GetProductWrapper(name=Test2, code=T2, price=100.50, image=)])
2025-02-24 14:16:38,651 INFO c.b.p.a.LoggingAspect [http-nio-8080-exec-9] After get() -> [0, S1]
2025-02-24 14:16:38,651 INFO c.b.p.a.LoggingAspect [http-nio-8080-exec-9] End get()
2025-02-24 14:18:16,591 INFO c.b.p.a.LoggingAspect [http-nio-8080-exec-2] Start create() -> args = [CreateProductRequest(name=Test3, code=T3, price=125000, image=product/2F722EE34D87D3C6DA1BEBEF14F18F97C426CCF15A0B17A671129DE2B4F1A472, storeCode=null), 0, 1]
2025-02-24 14:18:16,591 INFO c.b.p.a.LoggingAspect [http-nio-8080-exec-2] Before create() -> [CreateProductRequest(name=Test3, code=T3, price=125000, image=product/2F722EE34D87D3C6DA1BEBEF14F18F97C426CCF15A0B17A671129DE2B4F1A472, storeCode=null), 0, 1]
2025-02-24 14:18:16,591 ERROR c.b.p.a.LoggingAspect [http-nio-8080-exec-2] AfterThrowing create() -> Code must be filled
2025-02-24 14:18:16,591 INFO c.b.p.a.LoggingAspect [http-nio-8080-exec-2] After create() -> [CreateProductRequest(name=Test3, code=T3, price=125000, image=product/2F722EE34D87D3C6DA1BEBEF14F18F97C426CCF15A0B17A671129DE2B4F1A472, storeCode=null), 0, 1]
2025-02-24 14:19:34,547 INFO c.b.p.a.LoggingAspect [http-nio-8080-exec-6] Start create() -> args = [CreateProductRequest(name=Test3, code=T3, price=125000, image=product/2F722EE34D87D3C6DA1BEBEF14F18F97C426CCF15A0B17A671129DE2B4F1A472, storeCode=S1), 0, 1]
2025-02-24 14:19:34,547 INFO c.b.p.a.LoggingAspect [http-nio-8080-exec-6] Before create() -> [CreateProductRequest(name=Test3, code=T3, price=125000, image=product/2F722EE34D87D3C6DA1BEBEF14F18F97C426CCF15A0B17A671129DE2B4F1A472, storeCode=S1), 0, 1]
2025-02-24 14:19:34,564 INFO c.b.p.a.LoggingAspect [http-nio-8080-exec-6] AfterReturning create() -> CreateProductReseponse(id=3)
2025-02-24 14:19:34,564 INFO c.b.p.a.LoggingAspect [http-nio-8080-exec-6] After create() -> [CreateProductRequest(name=Test3, code=T3, price=125000, image=product/2F722EE34D87D3C6DA1BEBEF14F18F97C426CCF15A0B17A671129DE2B4F1A472, storeCode=S1), 0, 1]
2025-02-24 14:19:34,564 INFO c.b.p.a.LoggingAspect [http-nio-8080-exec-6] End create()
2025-02-24 14:31:20,107 INFO c.b.p.a.LoggingAspect [http-nio-8080-exec-8] Start update() -> args = [UpdateProductRequest(code=T2, name=Toko B1, price=100000), 0, 1]
2025-02-24 14:31:20,108 INFO c.b.p.a.LoggingAspect [http-nio-8080-exec-8] Before update() -> [UpdateProductRequest(code=T2, name=Toko B1, price=100000), 0, 1]
2025-02-24 14:31:20,140 INFO c.b.p.a.LoggingAspect [http-nio-8080-exec-8] AfterReturning update() -> UpdateProductResponse(success=true)
2025-02-24 14:31:20,140 INFO c.b.p.a.LoggingAspect [http-nio-8080-exec-8] After update() -> [UpdateProductRequest(code=T2, name=Toko B1, price=100000), 0, 1]
2025-02-24 14:31:20,140 INFO c.b.p.a.LoggingAspect [http-nio-8080-exec-8] End update()
2025-02-24 14:31:27,989 INFO c.b.p.a.LoggingAspect [http-nio-8080-exec-10] Start update() -> args = [UpdateProductRequest(code=T1, name=Toko B1, price=100000), 0, 1]
2025-02-24 14:31:27,989 INFO c.b.p.a.LoggingAspect [http-nio-8080-exec-10] Before update() -> [UpdateProductRequest(code=T1, name=Toko B1, price=100000), 0, 1]
2025-02-24 14:31:27,993 INFO c.b.p.a.LoggingAspect [http-nio-8080-exec-10] AfterReturning update() -> UpdateProductResponse(success=true)
2025-02-24 14:31:27,993 INFO c.b.p.a.LoggingAspect [http-nio-8080-exec-10] After update() -> [UpdateProductRequest(code=T1, name=Toko B1, price=100000), 0, 1]
2025-02-24 14:31:27,993 INFO c.b.p.a.LoggingAspect [http-nio-8080-exec-10] End update()
2025-02-24 14:31:33,744 INFO c.b.p.a.LoggingAspect [http-nio-8080-exec-1] Start update() -> args = [UpdateProductRequest(code=T1, name=null, price=100000), 0, 1]
2025-02-24 14:31:33,744 INFO c.b.p.a.LoggingAspect [http-nio-8080-exec-1] Before update() -> [UpdateProductRequest(code=T1, name=null, price=100000), 0, 1]
2025-02-24 14:31:33,744 INFO c.b.p.a.LoggingAspect [http-nio-8080-exec-1] AfterReturning update() -> UpdateProductResponse(success=true)
2025-02-24 14:31:33,744 INFO c.b.p.a.LoggingAspect [http-nio-8080-exec-1] After update() -> [UpdateProductRequest(code=T1, name=null, price=100000), 0, 1]
2025-02-24 14:31:33,744 INFO c.b.p.a.LoggingAspect [http-nio-8080-exec-1] End update()
2025-02-24 14:33:11,990 INFO o.h.v.i.u.Version [background-preinit] HV000001: Hibernate Validator 8.0.1.Final
2025-02-24 14:33:12,028 INFO o.s.b.StartupInfoLogger [main] Starting PosApplication using Java 19.0.1 with PID 10332 (D:\Dimas\Projects\POS\pos\target\classes started by hand_ in D:\Dimas\Projects\POS\pos)
2025-02-24 14:33:12,028 DEBUG o.s.b.StartupInfoLogger [main] Running with Spring Boot v3.3.0, Spring v6.1.8
2025-02-24 14:33:12,029 INFO o.s.b.SpringApplication [main] No active profile set, falling back to 1 default profile: "default"
2025-02-24 14:33:12,810 INFO o.s.d.r.c.RepositoryConfigurationDelegate [main] Multiple Spring Data modules found, entering strict repository configuration mode
2025-02-24 14:33:12,812 INFO o.s.d.r.c.RepositoryConfigurationDelegate [main] Bootstrapping Spring Data JPA repositories in DEFAULT mode.
2025-02-24 14:33:12,971 INFO o.s.d.r.c.RepositoryConfigurationDelegate [main] Finished Spring Data repository scanning in 154 ms. Found 10 JPA repository interfaces.
2025-02-24 14:33:12,987 INFO o.s.d.r.c.RepositoryConfigurationDelegate [main] Multiple Spring Data modules found, entering strict repository configuration mode
2025-02-24 14:33:12,988 INFO o.s.d.r.c.RepositoryConfigurationDelegate [main] Bootstrapping Spring Data Redis repositories in DEFAULT mode.
2025-02-24 14:33:13,004 INFO o.s.d.r.c.RepositoryConfigurationExtensionSupport [main] Spring Data Redis - Could not safely identify store assignment for repository candidate interface com.bleizing.pos.repository.MenuRepository; If you want this repository to be a Redis repository, consider annotating your entities with one of these annotations: org.springframework.data.redis.core.RedisHash (preferred), or consider extending one of the following types with your repository: org.springframework.data.keyvalue.repository.KeyValueRepository
2025-02-24 14:33:13,005 INFO o.s.d.r.c.RepositoryConfigurationExtensionSupport [main] Spring Data Redis - Could not safely identify store assignment for repository candidate interface com.bleizing.pos.repository.MenuRolePermissionRepository; If you want this repository to be a Redis repository, consider annotating your entities with one of these annotations: org.springframework.data.redis.core.RedisHash (preferred), or consider extending one of the following types with your repository: org.springframework.data.keyvalue.repository.KeyValueRepository
2025-02-24 14:33:13,005 INFO o.s.d.r.c.RepositoryConfigurationExtensionSupport [main] Spring Data Redis - Could not safely identify store assignment for repository candidate interface com.bleizing.pos.repository.PermissionRepository; If you want this repository to be a Redis repository, consider annotating your entities with one of these annotations: org.springframework.data.redis.core.RedisHash (preferred), or consider extending one of the following types with your repository: org.springframework.data.keyvalue.repository.KeyValueRepository
2025-02-24 14:33:13,006 INFO o.s.d.r.c.RepositoryConfigurationExtensionSupport [main] Spring Data Redis - Could not safely identify store assignment for repository candidate interface com.bleizing.pos.repository.ProductRepository; If you want this repository to be a Redis repository, consider annotating your entities with one of these annotations: org.springframework.data.redis.core.RedisHash (preferred), or consider extending one of the following types with your repository: org.springframework.data.keyvalue.repository.KeyValueRepository
2025-02-24 14:33:13,006 INFO o.s.d.r.c.RepositoryConfigurationExtensionSupport [main] Spring Data Redis - Could not safely identify store assignment for repository candidate interface com.bleizing.pos.repository.RoleRepository; If you want this repository to be a Redis repository, consider annotating your entities with one of these annotations: org.springframework.data.redis.core.RedisHash (preferred), or consider extending one of the following types with your repository: org.springframework.data.keyvalue.repository.KeyValueRepository
2025-02-24 14:33:13,006 INFO o.s.d.r.c.RepositoryConfigurationExtensionSupport [main] Spring Data Redis - Could not safely identify store assignment for repository candidate interface com.bleizing.pos.repository.StoreRepository; If you want this repository to be a Redis repository, consider annotating your entities with one of these annotations: org.springframework.data.redis.core.RedisHash (preferred), or consider extending one of the following types with your repository: org.springframework.data.keyvalue.repository.KeyValueRepository
2025-02-24 14:33:13,007 INFO o.s.d.r.c.RepositoryConfigurationExtensionSupport [main] Spring Data Redis - Could not safely identify store assignment for repository candidate interface com.bleizing.pos.repository.SysParamRepository; If you want this repository to be a Redis repository, consider annotating your entities with one of these annotations: org.springframework.data.redis.core.RedisHash (preferred), or consider extending one of the following types with your repository: org.springframework.data.keyvalue.repository.KeyValueRepository
2025-02-24 14:33:13,007 INFO o.s.d.r.c.RepositoryConfigurationExtensionSupport [main] Spring Data Redis - Could not safely identify store assignment for repository candidate interface com.bleizing.pos.repository.UserRepository; If you want this repository to be a Redis repository, consider annotating your entities with one of these annotations: org.springframework.data.redis.core.RedisHash (preferred), or consider extending one of the following types with your repository: org.springframework.data.keyvalue.repository.KeyValueRepository
2025-02-24 14:33:13,007 INFO o.s.d.r.c.RepositoryConfigurationExtensionSupport [main] Spring Data Redis - Could not safely identify store assignment for repository candidate interface com.bleizing.pos.repository.UserRoleRepository; If you want this repository to be a Redis repository, consider annotating your entities with one of these annotations: org.springframework.data.redis.core.RedisHash (preferred), or consider extending one of the following types with your repository: org.springframework.data.keyvalue.repository.KeyValueRepository
2025-02-24 14:33:13,007 INFO o.s.d.r.c.RepositoryConfigurationExtensionSupport [main] Spring Data Redis - Could not safely identify store assignment for repository candidate interface com.bleizing.pos.repository.UserStoreRepository; If you want this repository to be a Redis repository, consider annotating your entities with one of these annotations: org.springframework.data.redis.core.RedisHash (preferred), or consider extending one of the following types with your repository: org.springframework.data.keyvalue.repository.KeyValueRepository
2025-02-24 14:33:13,007 INFO o.s.d.r.c.RepositoryConfigurationDelegate [main] Finished Spring Data repository scanning in 10 ms. Found 0 Redis repository interfaces.
2025-02-24 14:33:13,716 INFO o.s.b.w.e.t.TomcatWebServer [main] Tomcat initialized with port 8080 (http)
2025-02-24 14:33:13,731 INFO o.a.j.l.DirectJDKLog [main] Initializing ProtocolHandler ["http-nio-8080"]
2025-02-24 14:33:13,733 INFO o.a.j.l.DirectJDKLog [main] Starting service [Tomcat]
2025-02-24 14:33:13,734 INFO o.a.j.l.DirectJDKLog [main] Starting Servlet engine: [Apache Tomcat/10.1.24]
2025-02-24 14:33:13,817 INFO o.a.j.l.DirectJDKLog [main] Initializing Spring embedded WebApplicationContext
2025-02-24 14:33:13,818 INFO o.s.b.w.s.c.ServletWebServerApplicationContext [main] Root WebApplicationContext: initialization completed in 1751 ms
2025-02-24 14:33:13,968 INFO o.h.j.i.u.LogHelper [main] HHH000204: Processing PersistenceUnitInfo [name: default]
2025-02-24 14:33:14,040 INFO o.h.Version [main] HHH000412: Hibernate ORM core version 6.5.2.Final
2025-02-24 14:33:14,085 INFO o.h.c.i.RegionFactoryInitiator [main] HHH000026: Second-level cache disabled
2025-02-24 14:33:14,394 INFO o.s.o.j.p.SpringPersistenceUnitInfo [main] No LoadTimeWeaver setup: ignoring JPA class transformer
2025-02-24 14:33:14,419 INFO c.z.h.HikariDataSource [main] HikariPool-1 - Starting...
2025-02-24 14:33:14,633 INFO c.z.h.p.HikariPool [main] HikariPool-1 - Added connection org.postgresql.jdbc.PgConnection@41bdaa81
2025-02-24 14:33:14,634 INFO c.z.h.HikariDataSource [main] HikariPool-1 - Start completed.
2025-02-24 14:33:14,671 WARN o.h.e.j.d.i.DialectFactoryImpl [main] HHH90000025: PostgreSQLDialect does not need to be specified explicitly using 'hibernate.dialect' (remove the property setting and it will be selected by default)
2025-02-24 14:33:15,740 INFO o.h.e.t.j.p.i.JtaPlatformInitiator [main] HHH000489: No JTA platform available (set 'hibernate.transaction.jta.platform' to enable JTA platform integration)
2025-02-24 14:33:15,883 INFO o.s.o.j.AbstractEntityManagerFactoryBean [main] Initialized JPA EntityManagerFactory for persistence unit 'default'
2025-02-24 14:33:17,071 WARN o.s.b.a.o.j.JpaBaseConfiguration$JpaWebConfiguration [main] spring.jpa.open-in-view is enabled by default. Therefore, database queries may be performed during view rendering. Explicitly configure spring.jpa.open-in-view to disable this warning
2025-02-24 14:33:17,918 INFO o.a.j.l.DirectJDKLog [main] Starting ProtocolHandler ["http-nio-8080"]
2025-02-24 14:33:17,936 INFO o.s.b.w.e.t.TomcatWebServer [main] Tomcat started on port 8080 (http) with context path '/pos'
2025-02-24 14:33:17,946 INFO o.s.b.StartupInfoLogger [main] Started PosApplication in 6.327 seconds (process running for 6.634)
2025-02-24 14:33:17,948 INFO c.b.p.l.StartupListener [main] Startup Listener
2025-02-24 14:33:18,328 INFO c.b.p.l.StartupListener [main] storage platform 1 = minio
2025-02-24 14:33:18,332 INFO c.b.p.l.StartupListener [main] storage platform 2 = minio
2025-02-24 14:33:18,332 INFO c.b.p.l.StartupListener [main] storage platform 3 = s3
2025-02-24 14:33:40,048 INFO o.a.j.l.DirectJDKLog [http-nio-8080-exec-1] Initializing Spring DispatcherServlet 'dispatcherServlet'
2025-02-24 14:33:40,048 INFO o.s.w.s.FrameworkServlet [http-nio-8080-exec-1] Initializing Servlet 'dispatcherServlet'
2025-02-24 14:33:40,049 INFO o.s.w.s.FrameworkServlet [http-nio-8080-exec-1] Completed initialization in 1 ms
2025-02-24 14:33:40,266 INFO c.b.p.a.LoggingAspect [http-nio-8080-exec-1] Start getStoreByUserLoggedIn() -> args = [0, S1]
2025-02-24 14:33:40,267 INFO c.b.p.a.LoggingAspect [http-nio-8080-exec-1] Before getStoreByUserLoggedIn() -> [0, S1]
2025-02-24 14:33:40,278 INFO c.b.p.a.LoggingAspect [http-nio-8080-exec-1] AfterReturning getStoreByUserLoggedIn() -> GetStoreByUserLoggedInResponse(name=Toko A, code=S1)
2025-02-24 14:33:40,279 INFO c.b.p.a.LoggingAspect [http-nio-8080-exec-1] After getStoreByUserLoggedIn() -> [0, S1]
2025-02-24 14:33:40,279 INFO c.b.p.a.LoggingAspect [http-nio-8080-exec-1] End getStoreByUserLoggedIn()
2025-02-24 14:33:47,475 INFO c.b.p.a.LoggingAspect [http-nio-8080-exec-2] Start get() -> args = [0, S1]
2025-02-24 14:33:47,476 INFO c.b.p.a.LoggingAspect [http-nio-8080-exec-2] Before get() -> [0, S1]
2025-02-24 14:33:47,483 INFO c.b.p.a.LoggingAspect [http-nio-8080-exec-2] AfterReturning get() -> GetProductResponse(products=[GetProductWrapper(name=Test1, code=T1, price=100.00, image=), GetProductWrapper(name=Test2, code=T2, price=100.50, image=)])
2025-02-24 14:33:47,484 INFO c.b.p.a.LoggingAspect [http-nio-8080-exec-2] After get() -> [0, S1]
2025-02-24 14:33:47,484 INFO c.b.p.a.LoggingAspect [http-nio-8080-exec-2] End get()
2025-02-24 14:34:58,493 INFO o.h.v.i.u.Version [background-preinit] HV000001: Hibernate Validator 8.0.1.Final
2025-02-24 14:34:58,523 INFO o.s.b.StartupInfoLogger [main] Starting PosApplication using Java 19.0.1 with PID 40104 (D:\Dimas\Projects\POS\pos\target\classes started by hand_ in D:\Dimas\Projects\POS\pos)
2025-02-24 14:34:58,523 DEBUG o.s.b.StartupInfoLogger [main] Running with Spring Boot v3.3.0, Spring v6.1.8
2025-02-24 14:34:58,523 INFO o.s.b.SpringApplication [main] No active profile set, falling back to 1 default profile: "default"
2025-02-24 14:34:59,312 INFO o.s.d.r.c.RepositoryConfigurationDelegate [main] Multiple Spring Data modules found, entering strict repository configuration mode
2025-02-24 14:34:59,312 INFO o.s.d.r.c.RepositoryConfigurationDelegate [main] Bootstrapping Spring Data JPA repositories in DEFAULT mode.
2025-02-24 14:34:59,461 INFO o.s.d.r.c.RepositoryConfigurationDelegate [main] Finished Spring Data repository scanning in 139 ms. Found 10 JPA repository interfaces.
2025-02-24 14:34:59,482 INFO o.s.d.r.c.RepositoryConfigurationDelegate [main] Multiple Spring Data modules found, entering strict repository configuration mode
2025-02-24 14:34:59,484 INFO o.s.d.r.c.RepositoryConfigurationDelegate [main] Bootstrapping Spring Data Redis repositories in DEFAULT mode.
2025-02-24 14:34:59,495 INFO o.s.d.r.c.RepositoryConfigurationExtensionSupport [main] Spring Data Redis - Could not safely identify store assignment for repository candidate interface com.bleizing.pos.repository.MenuRepository; If you want this repository to be a Redis repository, consider annotating your entities with one of these annotations: org.springframework.data.redis.core.RedisHash (preferred), or consider extending one of the following types with your repository: org.springframework.data.keyvalue.repository.KeyValueRepository
2025-02-24 14:34:59,495 INFO o.s.d.r.c.RepositoryConfigurationExtensionSupport [main] Spring Data Redis - Could not safely identify store assignment for repository candidate interface com.bleizing.pos.repository.MenuRolePermissionRepository; If you want this repository to be a Redis repository, consider annotating your entities with one of these annotations: org.springframework.data.redis.core.RedisHash (preferred), or consider extending one of the following types with your repository: org.springframework.data.keyvalue.repository.KeyValueRepository
2025-02-24 14:34:59,495 INFO o.s.d.r.c.RepositoryConfigurationExtensionSupport [main] Spring Data Redis - Could not safely identify store assignment for repository candidate interface com.bleizing.pos.repository.PermissionRepository; If you want this repository to be a Redis repository, consider annotating your entities with one of these annotations: org.springframework.data.redis.core.RedisHash (preferred), or consider extending one of the following types with your repository: org.springframework.data.keyvalue.repository.KeyValueRepository
2025-02-24 14:34:59,495 INFO o.s.d.r.c.RepositoryConfigurationExtensionSupport [main] Spring Data Redis - Could not safely identify store assignment for repository candidate interface com.bleizing.pos.repository.ProductRepository; If you want this repository to be a Redis repository, consider annotating your entities with one of these annotations: org.springframework.data.redis.core.RedisHash (preferred), or consider extending one of the following types with your repository: org.springframework.data.keyvalue.repository.KeyValueRepository
2025-02-24 14:34:59,495 INFO o.s.d.r.c.RepositoryConfigurationExtensionSupport [main] Spring Data Redis - Could not safely identify store assignment for repository candidate interface com.bleizing.pos.repository.RoleRepository; If you want this repository to be a Redis repository, consider annotating your entities with one of these annotations: org.springframework.data.redis.core.RedisHash (preferred), or consider extending one of the following types with your repository: org.springframework.data.keyvalue.repository.KeyValueRepository
2025-02-24 14:34:59,495 INFO o.s.d.r.c.RepositoryConfigurationExtensionSupport [main] Spring Data Redis - Could not safely identify store assignment for repository candidate interface com.bleizing.pos.repository.StoreRepository; If you want this repository to be a Redis repository, consider annotating your entities with one of these annotations: org.springframework.data.redis.core.RedisHash (preferred), or consider extending one of the following types with your repository: org.springframework.data.keyvalue.repository.KeyValueRepository
2025-02-24 14:34:59,495 INFO o.s.d.r.c.RepositoryConfigurationExtensionSupport [main] Spring Data Redis - Could not safely identify store assignment for repository candidate interface com.bleizing.pos.repository.SysParamRepository; If you want this repository to be a Redis repository, consider annotating your entities with one of these annotations: org.springframework.data.redis.core.RedisHash (preferred), or consider extending one of the following types with your repository: org.springframework.data.keyvalue.repository.KeyValueRepository
2025-02-24 14:34:59,495 INFO o.s.d.r.c.RepositoryConfigurationExtensionSupport [main] Spring Data Redis - Could not safely identify store assignment for repository candidate interface com.bleizing.pos.repository.UserRepository; If you want this repository to be a Redis repository, consider annotating your entities with one of these annotations: org.springframework.data.redis.core.RedisHash (preferred), or consider extending one of the following types with your repository: org.springframework.data.keyvalue.repository.KeyValueRepository
2025-02-24 14:34:59,495 INFO o.s.d.r.c.RepositoryConfigurationExtensionSupport [main] Spring Data Redis - Could not safely identify store assignment for repository candidate interface com.bleizing.pos.repository.UserRoleRepository; If you want this repository to be a Redis repository, consider annotating your entities with one of these annotations: org.springframework.data.redis.core.RedisHash (preferred), or consider extending one of the following types with your repository: org.springframework.data.keyvalue.repository.KeyValueRepository
2025-02-24 14:34:59,495 INFO o.s.d.r.c.RepositoryConfigurationExtensionSupport [main] Spring Data Redis - Could not safely identify store assignment for repository candidate interface com.bleizing.pos.repository.UserStoreRepository; If you want this repository to be a Redis repository, consider annotating your entities with one of these annotations: org.springframework.data.redis.core.RedisHash (preferred), or consider extending one of the following types with your repository: org.springframework.data.keyvalue.repository.KeyValueRepository
2025-02-24 14:34:59,495 INFO o.s.d.r.c.RepositoryConfigurationDelegate [main] Finished Spring Data repository scanning in 10 ms. Found 0 Redis repository interfaces.
2025-02-24 14:35:00,156 INFO o.s.b.w.e.t.TomcatWebServer [main] Tomcat initialized with port 8080 (http)
2025-02-24 14:35:00,172 INFO o.a.j.l.DirectJDKLog [main] Initializing ProtocolHandler ["http-nio-8080"]
2025-02-24 14:35:00,172 INFO o.a.j.l.DirectJDKLog [main] Starting service [Tomcat]
2025-02-24 14:35:00,172 INFO o.a.j.l.DirectJDKLog [main] Starting Servlet engine: [Apache Tomcat/10.1.24]
2025-02-24 14:35:00,233 INFO o.a.j.l.DirectJDKLog [main] Initializing Spring embedded WebApplicationContext
2025-02-24 14:35:00,233 INFO o.s.b.w.s.c.ServletWebServerApplicationContext [main] Root WebApplicationContext: initialization completed in 1663 ms
2025-02-24 14:35:00,364 INFO o.h.j.i.u.LogHelper [main] HHH000204: Processing PersistenceUnitInfo [name: default]
2025-02-24 14:35:00,402 INFO o.h.Version [main] HHH000412: Hibernate ORM core version 6.5.2.Final
2025-02-24 14:35:00,426 INFO o.h.c.i.RegionFactoryInitiator [main] HHH000026: Second-level cache disabled
2025-02-24 14:35:00,614 INFO o.s.o.j.p.SpringPersistenceUnitInfo [main] No LoadTimeWeaver setup: ignoring JPA class transformer
2025-02-24 14:35:00,646 INFO c.z.h.HikariDataSource [main] HikariPool-1 - Starting...
2025-02-24 14:35:00,748 INFO c.z.h.p.HikariPool [main] HikariPool-1 - Added connection org.postgresql.jdbc.PgConnection@5f68eec6
2025-02-24 14:35:00,750 INFO c.z.h.HikariDataSource [main] HikariPool-1 - Start completed.
2025-02-24 14:35:00,773 WARN o.h.e.j.d.i.DialectFactoryImpl [main] HHH90000025: PostgreSQLDialect does not need to be specified explicitly using 'hibernate.dialect' (remove the property setting and it will be selected by default)
2025-02-24 14:35:01,757 INFO o.h.e.t.j.p.i.JtaPlatformInitiator [main] HHH000489: No JTA platform available (set 'hibernate.transaction.jta.platform' to enable JTA platform integration)
2025-02-24 14:35:01,882 INFO o.s.o.j.AbstractEntityManagerFactoryBean [main] Initialized JPA EntityManagerFactory for persistence unit 'default'
2025-02-24 14:35:03,041 WARN o.s.b.a.o.j.JpaBaseConfiguration$JpaWebConfiguration [main] spring.jpa.open-in-view is enabled by default. Therefore, database queries may be performed during view rendering. Explicitly configure spring.jpa.open-in-view to disable this warning
2025-02-24 14:35:03,907 INFO o.a.j.l.DirectJDKLog [main] Starting ProtocolHandler ["http-nio-8080"]
2025-02-24 14:35:03,924 INFO o.s.b.w.e.t.TomcatWebServer [main] Tomcat started on port 8080 (http) with context path '/pos'
2025-02-24 14:35:03,932 INFO o.s.b.StartupInfoLogger [main] Started PosApplication in 5.857 seconds (process running for 6.152)
2025-02-24 14:35:03,935 INFO c.b.p.l.StartupListener [main] Startup Listener
2025-02-24 14:35:04,325 INFO c.b.p.l.StartupListener [main] storage platform 1 = minio
2025-02-24 14:35:04,332 INFO c.b.p.l.StartupListener [main] storage platform 2 = minio
2025-02-24 14:35:04,333 INFO c.b.p.l.StartupListener [main] storage platform 3 = s3
2025-02-24 14:35:07,359 INFO o.a.j.l.DirectJDKLog [http-nio-8080-exec-1] Initializing Spring DispatcherServlet 'dispatcherServlet'
2025-02-24 14:35:07,359 INFO o.s.w.s.FrameworkServlet [http-nio-8080-exec-1] Initializing Servlet 'dispatcherServlet'
2025-02-24 14:35:07,361 INFO o.s.w.s.FrameworkServlet [http-nio-8080-exec-1] Completed initialization in 2 ms
2025-02-24 14:35:36,539 INFO o.h.v.i.u.Version [background-preinit] HV000001: Hibernate Validator 8.0.1.Final
2025-02-24 14:35:36,569 INFO o.s.b.StartupInfoLogger [main] Starting PosApplication using Java 19.0.1 with PID 24380 (D:\Dimas\Projects\POS\pos\target\classes started by hand_ in D:\Dimas\Projects\POS\pos)
2025-02-24 14:35:36,570 DEBUG o.s.b.StartupInfoLogger [main] Running with Spring Boot v3.3.0, Spring v6.1.8
2025-02-24 14:35:36,570 INFO o.s.b.SpringApplication [main] No active profile set, falling back to 1 default profile: "default"
2025-02-24 14:35:37,202 INFO o.s.d.r.c.RepositoryConfigurationDelegate [main] Multiple Spring Data modules found, entering strict repository configuration mode
2025-02-24 14:35:37,203 INFO o.s.d.r.c.RepositoryConfigurationDelegate [main] Bootstrapping Spring Data JPA repositories in DEFAULT mode.
2025-02-24 14:35:37,326 INFO o.s.d.r.c.RepositoryConfigurationDelegate [main] Finished Spring Data repository scanning in 118 ms. Found 10 JPA repository interfaces.
2025-02-24 14:35:37,336 INFO o.s.d.r.c.RepositoryConfigurationDelegate [main] Multiple Spring Data modules found, entering strict repository configuration mode
2025-02-24 14:35:37,337 INFO o.s.d.r.c.RepositoryConfigurationDelegate [main] Bootstrapping Spring Data Redis repositories in DEFAULT mode.
2025-02-24 14:35:37,350 INFO o.s.d.r.c.RepositoryConfigurationExtensionSupport [main] Spring Data Redis - Could not safely identify store assignment for repository candidate interface com.bleizing.pos.repository.MenuRepository; If you want this repository to be a Redis repository, consider annotating your entities with one of these annotations: org.springframework.data.redis.core.RedisHash (preferred), or consider extending one of the following types with your repository: org.springframework.data.keyvalue.repository.KeyValueRepository
2025-02-24 14:35:37,350 INFO o.s.d.r.c.RepositoryConfigurationExtensionSupport [main] Spring Data Redis - Could not safely identify store assignment for repository candidate interface com.bleizing.pos.repository.MenuRolePermissionRepository; If you want this repository to be a Redis repository, consider annotating your entities with one of these annotations: org.springframework.data.redis.core.RedisHash (preferred), or consider extending one of the following types with your repository: org.springframework.data.keyvalue.repository.KeyValueRepository
2025-02-24 14:35:37,351 INFO o.s.d.r.c.RepositoryConfigurationExtensionSupport [main] Spring Data Redis - Could not safely identify store assignment for repository candidate interface com.bleizing.pos.repository.PermissionRepository; If you want this repository to be a Redis repository, consider annotating your entities with one of these annotations: org.springframework.data.redis.core.RedisHash (preferred), or consider extending one of the following types with your repository: org.springframework.data.keyvalue.repository.KeyValueRepository
2025-02-24 14:35:37,351 INFO o.s.d.r.c.RepositoryConfigurationExtensionSupport [main] Spring Data Redis - Could not safely identify store assignment for repository candidate interface com.bleizing.pos.repository.ProductRepository; If you want this repository to be a Redis repository, consider annotating your entities with one of these annotations: org.springframework.data.redis.core.RedisHash (preferred), or consider extending one of the following types with your repository: org.springframework.data.keyvalue.repository.KeyValueRepository
2025-02-24 14:35:37,352 INFO o.s.d.r.c.RepositoryConfigurationExtensionSupport [main] Spring Data Redis - Could not safely identify store assignment for repository candidate interface com.bleizing.pos.repository.RoleRepository; If you want this repository to be a Redis repository, consider annotating your entities with one of these annotations: org.springframework.data.redis.core.RedisHash (preferred), or consider extending one of the following types with your repository: org.springframework.data.keyvalue.repository.KeyValueRepository
2025-02-24 14:35:37,352 INFO o.s.d.r.c.RepositoryConfigurationExtensionSupport [main] Spring Data Redis - Could not safely identify store assignment for repository candidate interface com.bleizing.pos.repository.StoreRepository; If you want this repository to be a Redis repository, consider annotating your entities with one of these annotations: org.springframework.data.redis.core.RedisHash (preferred), or consider extending one of the following types with your repository: org.springframework.data.keyvalue.repository.KeyValueRepository
2025-02-24 14:35:37,352 INFO o.s.d.r.c.RepositoryConfigurationExtensionSupport [main] Spring Data Redis - Could not safely identify store assignment for repository candidate interface com.bleizing.pos.repository.SysParamRepository; If you want this repository to be a Redis repository, consider annotating your entities with one of these annotations: org.springframework.data.redis.core.RedisHash (preferred), or consider extending one of the following types with your repository: org.springframework.data.keyvalue.repository.KeyValueRepository
2025-02-24 14:35:37,353 INFO o.s.d.r.c.RepositoryConfigurationExtensionSupport [main] Spring Data Redis - Could not safely identify store assignment for repository candidate interface com.bleizing.pos.repository.UserRepository; If you want this repository to be a Redis repository, consider annotating your entities with one of these annotations: org.springframework.data.redis.core.RedisHash (preferred), or consider extending one of the following types with your repository: org.springframework.data.keyvalue.repository.KeyValueRepository
2025-02-24 14:35:37,353 INFO o.s.d.r.c.RepositoryConfigurationExtensionSupport [main] Spring Data Redis - Could not safely identify store assignment for repository candidate interface com.bleizing.pos.repository.UserRoleRepository; If you want this repository to be a Redis repository, consider annotating your entities with one of these annotations: org.springframework.data.redis.core.RedisHash (preferred), or consider extending one of the following types with your repository: org.springframework.data.keyvalue.repository.KeyValueRepository
2025-02-24 14:35:37,353 INFO o.s.d.r.c.RepositoryConfigurationExtensionSupport [main] Spring Data Redis - Could not safely identify store assignment for repository candidate interface com.bleizing.pos.repository.UserStoreRepository; If you want this repository to be a Redis repository, consider annotating your entities with one of these annotations: org.springframework.data.redis.core.RedisHash (preferred), or consider extending one of the following types with your repository: org.springframework.data.keyvalue.repository.KeyValueRepository
2025-02-24 14:35:37,353 INFO o.s.d.r.c.RepositoryConfigurationDelegate [main] Finished Spring Data repository scanning in 9 ms. Found 0 Redis repository interfaces.
2025-02-24 14:35:37,926 INFO o.s.b.w.e.t.TomcatWebServer [main] Tomcat initialized with port 8080 (http)
2025-02-24 14:35:37,934 INFO o.a.j.l.DirectJDKLog [main] Initializing ProtocolHandler ["http-nio-8080"]
2025-02-24 14:35:37,939 INFO o.a.j.l.DirectJDKLog [main] Starting service [Tomcat]
2025-02-24 14:35:37,940 INFO o.a.j.l.DirectJDKLog [main] Starting Servlet engine: [Apache Tomcat/10.1.24]
2025-02-24 14:35:37,992 INFO o.a.j.l.DirectJDKLog [main] Initializing Spring embedded WebApplicationContext
2025-02-24 14:35:37,993 INFO o.s.b.w.s.c.ServletWebServerApplicationContext [main] Root WebApplicationContext: initialization completed in 1385 ms
2025-02-24 14:35:38,119 INFO o.h.j.i.u.LogHelper [main] HHH000204: Processing PersistenceUnitInfo [name: default]
2025-02-24 14:35:38,151 INFO o.h.Version [main] HHH000412: Hibernate ORM core version 6.5.2.Final
2025-02-24 14:35:38,175 INFO o.h.c.i.RegionFactoryInitiator [main] HHH000026: Second-level cache disabled
2025-02-24 14:35:38,383 INFO o.s.o.j.p.SpringPersistenceUnitInfo [main] No LoadTimeWeaver setup: ignoring JPA class transformer
2025-02-24 14:35:38,405 INFO c.z.h.HikariDataSource [main] HikariPool-1 - Starting...
2025-02-24 14:35:38,514 INFO c.z.h.p.HikariPool [main] HikariPool-1 - Added connection org.postgresql.jdbc.PgConnection@5f68eec6
2025-02-24 14:35:38,515 INFO c.z.h.HikariDataSource [main] HikariPool-1 - Start completed.
2025-02-24 14:35:38,541 WARN o.h.e.j.d.i.DialectFactoryImpl [main] HHH90000025: PostgreSQLDialect does not need to be specified explicitly using 'hibernate.dialect' (remove the property setting and it will be selected by default)
2025-02-24 14:35:39,461 INFO o.h.e.t.j.p.i.JtaPlatformInitiator [main] HHH000489: No JTA platform available (set 'hibernate.transaction.jta.platform' to enable JTA platform integration)
2025-02-24 14:35:39,609 INFO o.s.o.j.AbstractEntityManagerFactoryBean [main] Initialized JPA EntityManagerFactory for persistence unit 'default'
2025-02-24 14:35:40,676 WARN o.s.b.a.o.j.JpaBaseConfiguration$JpaWebConfiguration [main] spring.jpa.open-in-view is enabled by default. Therefore, database queries may be performed during view rendering. Explicitly configure spring.jpa.open-in-view to disable this warning
2025-02-24 14:35:41,545 INFO o.a.j.l.DirectJDKLog [main] Starting ProtocolHandler ["http-nio-8080"]
2025-02-24 14:35:41,559 INFO o.s.b.w.e.t.TomcatWebServer [main] Tomcat started on port 8080 (http) with context path '/pos'
2025-02-24 14:35:41,567 INFO o.s.b.StartupInfoLogger [main] Started PosApplication in 5.353 seconds (process running for 5.614)
2025-02-24 14:35:41,569 INFO c.b.p.l.StartupListener [main] Startup Listener
2025-02-24 14:35:41,905 INFO c.b.p.l.StartupListener [main] storage platform 1 = minio
2025-02-24 14:35:41,910 INFO c.b.p.l.StartupListener [main] storage platform 2 = minio
2025-02-24 14:35:41,910 INFO c.b.p.l.StartupListener [main] storage platform 3 = s3
2025-02-24 14:35:56,795 INFO o.a.j.l.DirectJDKLog [http-nio-8080-exec-1] Initializing Spring DispatcherServlet 'dispatcherServlet'
2025-02-24 14:35:56,795 INFO o.s.w.s.FrameworkServlet [http-nio-8080-exec-1] Initializing Servlet 'dispatcherServlet'
2025-02-24 14:35:56,796 INFO o.s.w.s.FrameworkServlet [http-nio-8080-exec-1] Completed initialization in 1 ms
2025-02-24 14:35:57,023 INFO c.b.p.a.LoggingAspect [http-nio-8080-exec-1] Start uploadFile() -> args = [product, Schedule Mr Dimas.jpeg, sun.nio.ch.ChannelInputStream@63c276b8, image/jpeg]
2025-02-24 14:35:57,023 INFO c.b.p.a.LoggingAspect [http-nio-8080-exec-1] Before uploadFile() -> [product, Schedule Mr Dimas.jpeg, sun.nio.ch.ChannelInputStream@63c276b8, image/jpeg]
2025-02-24 14:35:57,153 INFO c.b.p.a.LoggingAspect [http-nio-8080-exec-1] AfterReturning uploadFile() -> product/B6126FCB3E14BEF8C61A5044D15CB2B65436A7B6AE338C6EDD40EECB8DA2A468
2025-02-24 14:35:57,153 INFO c.b.p.a.LoggingAspect [http-nio-8080-exec-1] After uploadFile() -> [product, Schedule Mr Dimas.jpeg, sun.nio.ch.ChannelInputStream@63c276b8, image/jpeg]
2025-02-24 14:35:57,153 INFO c.b.p.a.LoggingAspect [http-nio-8080-exec-1] End uploadFile()
2025-02-24 14:36:17,448 INFO o.h.v.i.u.Version [background-preinit] HV000001: Hibernate Validator 8.0.1.Final
2025-02-24 14:36:17,477 INFO o.s.b.StartupInfoLogger [main] Starting PosApplication using Java 19.0.1 with PID 37996 (D:\Dimas\Projects\POS\pos\target\classes started by hand_ in D:\Dimas\Projects\POS\pos)
2025-02-24 14:36:17,478 DEBUG o.s.b.StartupInfoLogger [main] Running with Spring Boot v3.3.0, Spring v6.1.8
2025-02-24 14:36:17,478 INFO o.s.b.SpringApplication [main] No active profile set, falling back to 1 default profile: "default"
2025-02-24 14:36:18,153 INFO o.s.d.r.c.RepositoryConfigurationDelegate [main] Multiple Spring Data modules found, entering strict repository configuration mode
2025-02-24 14:36:18,155 INFO o.s.d.r.c.RepositoryConfigurationDelegate [main] Bootstrapping Spring Data JPA repositories in DEFAULT mode.
2025-02-24 14:36:18,277 INFO o.s.d.r.c.RepositoryConfigurationDelegate [main] Finished Spring Data repository scanning in 117 ms. Found 10 JPA repository interfaces.
2025-02-24 14:36:18,288 INFO o.s.d.r.c.RepositoryConfigurationDelegate [main] Multiple Spring Data modules found, entering strict repository configuration mode
2025-02-24 14:36:18,289 INFO o.s.d.r.c.RepositoryConfigurationDelegate [main] Bootstrapping Spring Data Redis repositories in DEFAULT mode.
2025-02-24 14:36:18,303 INFO o.s.d.r.c.RepositoryConfigurationExtensionSupport [main] Spring Data Redis - Could not safely identify store assignment for repository candidate interface com.bleizing.pos.repository.MenuRepository; If you want this repository to be a Redis repository, consider annotating your entities with one of these annotations: org.springframework.data.redis.core.RedisHash (preferred), or consider extending one of the following types with your repository: org.springframework.data.keyvalue.repository.KeyValueRepository
2025-02-24 14:36:18,304 INFO o.s.d.r.c.RepositoryConfigurationExtensionSupport [main] Spring Data Redis - Could not safely identify store assignment for repository candidate interface com.bleizing.pos.repository.MenuRolePermissionRepository; If you want this repository to be a Redis repository, consider annotating your entities with one of these annotations: org.springframework.data.redis.core.RedisHash (preferred), or consider extending one of the following types with your repository: org.springframework.data.keyvalue.repository.KeyValueRepository
2025-02-24 14:36:18,304 INFO o.s.d.r.c.RepositoryConfigurationExtensionSupport [main] Spring Data Redis - Could not safely identify store assignment for repository candidate interface com.bleizing.pos.repository.PermissionRepository; If you want this repository to be a Redis repository, consider annotating your entities with one of these annotations: org.springframework.data.redis.core.RedisHash (preferred), or consider extending one of the following types with your repository: org.springframework.data.keyvalue.repository.KeyValueRepository
2025-02-24 14:36:18,304 INFO o.s.d.r.c.RepositoryConfigurationExtensionSupport [main] Spring Data Redis - Could not safely identify store assignment for repository candidate interface com.bleizing.pos.repository.ProductRepository; If you want this repository to be a Redis repository, consider annotating your entities with one of these annotations: org.springframework.data.redis.core.RedisHash (preferred), or consider extending one of the following types with your repository: org.springframework.data.keyvalue.repository.KeyValueRepository
2025-02-24 14:36:18,305 INFO o.s.d.r.c.RepositoryConfigurationExtensionSupport [main] Spring Data Redis - Could not safely identify store assignment for repository candidate interface com.bleizing.pos.repository.RoleRepository; If you want this repository to be a Redis repository, consider annotating your entities with one of these annotations: org.springframework.data.redis.core.RedisHash (preferred), or consider extending one of the following types with your repository: org.springframework.data.keyvalue.repository.KeyValueRepository
2025-02-24 14:36:18,305 INFO o.s.d.r.c.RepositoryConfigurationExtensionSupport [main] Spring Data Redis - Could not safely identify store assignment for repository candidate interface com.bleizing.pos.repository.StoreRepository; If you want this repository to be a Redis repository, consider annotating your entities with one of these annotations: org.springframework.data.redis.core.RedisHash (preferred), or consider extending one of the following types with your repository: org.springframework.data.keyvalue.repository.KeyValueRepository
2025-02-24 14:36:18,305 INFO o.s.d.r.c.RepositoryConfigurationExtensionSupport [main] Spring Data Redis - Could not safely identify store assignment for repository candidate interface com.bleizing.pos.repository.SysParamRepository; If you want this repository to be a Redis repository, consider annotating your entities with one of these annotations: org.springframework.data.redis.core.RedisHash (preferred), or consider extending one of the following types with your repository: org.springframework.data.keyvalue.repository.KeyValueRepository
2025-02-24 14:36:18,306 INFO o.s.d.r.c.RepositoryConfigurationExtensionSupport [main] Spring Data Redis - Could not safely identify store assignment for repository candidate interface com.bleizing.pos.repository.UserRepository; If you want this repository to be a Redis repository, consider annotating your entities with one of these annotations: org.springframework.data.redis.core.RedisHash (preferred), or consider extending one of the following types with your repository: org.springframework.data.keyvalue.repository.KeyValueRepository
2025-02-24 14:36:18,306 INFO o.s.d.r.c.RepositoryConfigurationExtensionSupport [main] Spring Data Redis - Could not safely identify store assignment for repository candidate interface com.bleizing.pos.repository.UserRoleRepository; If you want this repository to be a Redis repository, consider annotating your entities with one of these annotations: org.springframework.data.redis.core.RedisHash (preferred), or consider extending one of the following types with your repository: org.springframework.data.keyvalue.repository.KeyValueRepository
2025-02-24 14:36:18,306 INFO o.s.d.r.c.RepositoryConfigurationExtensionSupport [main] Spring Data Redis - Could not safely identify store assignment for repository candidate interface com.bleizing.pos.repository.UserStoreRepository; If you want this repository to be a Redis repository, consider annotating your entities with one of these annotations: org.springframework.data.redis.core.RedisHash (preferred), or consider extending one of the following types with your repository: org.springframework.data.keyvalue.repository.KeyValueRepository
2025-02-24 14:36:18,306 INFO o.s.d.r.c.RepositoryConfigurationDelegate [main] Finished Spring Data repository scanning in 9 ms. Found 0 Redis repository interfaces.
2025-02-24 14:36:18,894 INFO o.s.b.w.e.t.TomcatWebServer [main] Tomcat initialized with port 8080 (http)
2025-02-24 14:36:18,909 INFO o.a.j.l.DirectJDKLog [main] Initializing ProtocolHandler ["http-nio-8080"]
2025-02-24 14:36:18,912 INFO o.a.j.l.DirectJDKLog [main] Starting service [Tomcat]
2025-02-24 14:36:18,912 INFO o.a.j.l.DirectJDKLog [main] Starting Servlet engine: [Apache Tomcat/10.1.24]
2025-02-24 14:36:18,967 INFO o.a.j.l.DirectJDKLog [main] Initializing Spring embedded WebApplicationContext
2025-02-24 14:36:18,968 INFO o.s.b.w.s.c.ServletWebServerApplicationContext [main] Root WebApplicationContext: initialization completed in 1456 ms
2025-02-24 14:36:19,094 INFO o.h.j.i.u.LogHelper [main] HHH000204: Processing PersistenceUnitInfo [name: default]
2025-02-24 14:36:19,126 INFO o.h.Version [main] HHH000412: Hibernate ORM core version 6.5.2.Final
2025-02-24 14:36:19,147 INFO o.h.c.i.RegionFactoryInitiator [main] HHH000026: Second-level cache disabled
2025-02-24 14:36:19,347 INFO o.s.o.j.p.SpringPersistenceUnitInfo [main] No LoadTimeWeaver setup: ignoring JPA class transformer
2025-02-24 14:36:19,365 INFO c.z.h.HikariDataSource [main] HikariPool-1 - Starting...
2025-02-24 14:36:19,459 INFO c.z.h.p.HikariPool [main] HikariPool-1 - Added connection org.postgresql.jdbc.PgConnection@1ab268bd
2025-02-24 14:36:19,460 INFO c.z.h.HikariDataSource [main] HikariPool-1 - Start completed.
2025-02-24 14:36:19,484 WARN o.h.e.j.d.i.DialectFactoryImpl [main] HHH90000025: PostgreSQLDialect does not need to be specified explicitly using 'hibernate.dialect' (remove the property setting and it will be selected by default)
2025-02-24 14:36:20,385 INFO o.h.e.t.j.p.i.JtaPlatformInitiator [main] HHH000489: No JTA platform available (set 'hibernate.transaction.jta.platform' to enable JTA platform integration)
2025-02-24 14:36:20,506 INFO o.s.o.j.AbstractEntityManagerFactoryBean [main] Initialized JPA EntityManagerFactory for persistence unit 'default'
2025-02-24 14:36:21,158 WARN o.s.c.s.AbstractApplicationContext [main] Exception encountered during context initialization - cancelling refresh attempt: org.springframework.beans.factory.UnsatisfiedDependencyException: Error creating bean with name 'productController': Unsatisfied dependency expressed through field 'productService': Error creating bean with name 'productService': Unsatisfied dependency expressed through field 'storageService': Error creating bean with name 'storageService': Unsatisfied dependency expressed through field 'storagePlatform': No qualifying bean of type 'com.bleizing.pos.interfaces.StoragePlatform' available: expected at least 1 bean which qualifies as autowire candidate. Dependency annotations: {@org.springframework.beans.factory.annotation.Autowired(required=true)}
2025-02-24 14:36:21,279 INFO o.s.o.j.AbstractEntityManagerFactoryBean [main] Closing JPA EntityManagerFactory for persistence unit 'default'
2025-02-24 14:36:21,319 INFO c.z.h.HikariDataSource [main] HikariPool-1 - Shutdown initiated...
2025-02-24 14:36:21,323 INFO c.z.h.HikariDataSource [main] HikariPool-1 - Shutdown completed.
2025-02-24 14:36:21,325 INFO o.a.j.l.DirectJDKLog [main] Stopping service [Tomcat]
2025-02-24 14:36:21,339 INFO o.s.b.a.l.ConditionEvaluationReportLogger [main] 

Error starting ApplicationContext. To display the condition evaluation report re-run your application with 'debug' enabled.
2025-02-24 14:36:21,362 ERROR o.s.b.d.LoggingFailureAnalysisReporter [main] 

***************************
APPLICATION FAILED TO START
***************************

Description:

Field storagePlatform in com.bleizing.pos.service.StorageService required a bean of type 'com.bleizing.pos.interfaces.StoragePlatform' that could not be found.

The injection point has the following annotations:
	- @org.springframework.beans.factory.annotation.Autowired(required=true)


Action:

Consider defining a bean of type 'com.bleizing.pos.interfaces.StoragePlatform' in your configuration.

2025-02-24 14:37:22,754 INFO o.h.v.i.u.Version [background-preinit] HV000001: Hibernate Validator 8.0.1.Final
2025-02-24 14:37:22,782 INFO o.s.b.StartupInfoLogger [main] Starting PosApplication using Java 19.0.1 with PID 36928 (D:\Dimas\Projects\POS\pos\target\classes started by hand_ in D:\Dimas\Projects\POS\pos)
2025-02-24 14:37:22,782 DEBUG o.s.b.StartupInfoLogger [main] Running with Spring Boot v3.3.0, Spring v6.1.8
2025-02-24 14:37:22,783 INFO o.s.b.SpringApplication [main] No active profile set, falling back to 1 default profile: "default"
2025-02-24 14:37:23,376 INFO o.s.d.r.c.RepositoryConfigurationDelegate [main] Multiple Spring Data modules found, entering strict repository configuration mode
2025-02-24 14:37:23,377 INFO o.s.d.r.c.RepositoryConfigurationDelegate [main] Bootstrapping Spring Data JPA repositories in DEFAULT mode.
2025-02-24 14:37:23,501 INFO o.s.d.r.c.RepositoryConfigurationDelegate [main] Finished Spring Data repository scanning in 113 ms. Found 10 JPA repository interfaces.
2025-02-24 14:37:23,512 INFO o.s.d.r.c.RepositoryConfigurationDelegate [main] Multiple Spring Data modules found, entering strict repository configuration mode
2025-02-24 14:37:23,513 INFO o.s.d.r.c.RepositoryConfigurationDelegate [main] Bootstrapping Spring Data Redis repositories in DEFAULT mode.
2025-02-24 14:37:23,526 INFO o.s.d.r.c.RepositoryConfigurationExtensionSupport [main] Spring Data Redis - Could not safely identify store assignment for repository candidate interface com.bleizing.pos.repository.MenuRepository; If you want this repository to be a Redis repository, consider annotating your entities with one of these annotations: org.springframework.data.redis.core.RedisHash (preferred), or consider extending one of the following types with your repository: org.springframework.data.keyvalue.repository.KeyValueRepository
2025-02-24 14:37:23,527 INFO o.s.d.r.c.RepositoryConfigurationExtensionSupport [main] Spring Data Redis - Could not safely identify store assignment for repository candidate interface com.bleizing.pos.repository.MenuRolePermissionRepository; If you want this repository to be a Redis repository, consider annotating your entities with one of these annotations: org.springframework.data.redis.core.RedisHash (preferred), or consider extending one of the following types with your repository: org.springframework.data.keyvalue.repository.KeyValueRepository
2025-02-24 14:37:23,527 INFO o.s.d.r.c.RepositoryConfigurationExtensionSupport [main] Spring Data Redis - Could not safely identify store assignment for repository candidate interface com.bleizing.pos.repository.PermissionRepository; If you want this repository to be a Redis repository, consider annotating your entities with one of these annotations: org.springframework.data.redis.core.RedisHash (preferred), or consider extending one of the following types with your repository: org.springframework.data.keyvalue.repository.KeyValueRepository
2025-02-24 14:37:23,527 INFO o.s.d.r.c.RepositoryConfigurationExtensionSupport [main] Spring Data Redis - Could not safely identify store assignment for repository candidate interface com.bleizing.pos.repository.ProductRepository; If you want this repository to be a Redis repository, consider annotating your entities with one of these annotations: org.springframework.data.redis.core.RedisHash (preferred), or consider extending one of the following types with your repository: org.springframework.data.keyvalue.repository.KeyValueRepository
2025-02-24 14:37:23,528 INFO o.s.d.r.c.RepositoryConfigurationExtensionSupport [main] Spring Data Redis - Could not safely identify store assignment for repository candidate interface com.bleizing.pos.repository.RoleRepository; If you want this repository to be a Redis repository, consider annotating your entities with one of these annotations: org.springframework.data.redis.core.RedisHash (preferred), or consider extending one of the following types with your repository: org.springframework.data.keyvalue.repository.KeyValueRepository
2025-02-24 14:37:23,528 INFO o.s.d.r.c.RepositoryConfigurationExtensionSupport [main] Spring Data Redis - Could not safely identify store assignment for repository candidate interface com.bleizing.pos.repository.StoreRepository; If you want this repository to be a Redis repository, consider annotating your entities with one of these annotations: org.springframework.data.redis.core.RedisHash (preferred), or consider extending one of the following types with your repository: org.springframework.data.keyvalue.repository.KeyValueRepository
2025-02-24 14:37:23,528 INFO o.s.d.r.c.RepositoryConfigurationExtensionSupport [main] Spring Data Redis - Could not safely identify store assignment for repository candidate interface com.bleizing.pos.repository.SysParamRepository; If you want this repository to be a Redis repository, consider annotating your entities with one of these annotations: org.springframework.data.redis.core.RedisHash (preferred), or consider extending one of the following types with your repository: org.springframework.data.keyvalue.repository.KeyValueRepository
2025-02-24 14:37:23,529 INFO o.s.d.r.c.RepositoryConfigurationExtensionSupport [main] Spring Data Redis - Could not safely identify store assignment for repository candidate interface com.bleizing.pos.repository.UserRepository; If you want this repository to be a Redis repository, consider annotating your entities with one of these annotations: org.springframework.data.redis.core.RedisHash (preferred), or consider extending one of the following types with your repository: org.springframework.data.keyvalue.repository.KeyValueRepository
2025-02-24 14:37:23,529 INFO o.s.d.r.c.RepositoryConfigurationExtensionSupport [main] Spring Data Redis - Could not safely identify store assignment for repository candidate interface com.bleizing.pos.repository.UserRoleRepository; If you want this repository to be a Redis repository, consider annotating your entities with one of these annotations: org.springframework.data.redis.core.RedisHash (preferred), or consider extending one of the following types with your repository: org.springframework.data.keyvalue.repository.KeyValueRepository
2025-02-24 14:37:23,529 INFO o.s.d.r.c.RepositoryConfigurationExtensionSupport [main] Spring Data Redis - Could not safely identify store assignment for repository candidate interface com.bleizing.pos.repository.UserStoreRepository; If you want this repository to be a Redis repository, consider annotating your entities with one of these annotations: org.springframework.data.redis.core.RedisHash (preferred), or consider extending one of the following types with your repository: org.springframework.data.keyvalue.repository.KeyValueRepository
2025-02-24 14:37:23,529 INFO o.s.d.r.c.RepositoryConfigurationDelegate [main] Finished Spring Data repository scanning in 9 ms. Found 0 Redis repository interfaces.
2025-02-24 14:37:24,105 INFO o.s.b.w.e.t.TomcatWebServer [main] Tomcat initialized with port 8080 (http)
2025-02-24 14:37:24,124 INFO o.a.j.l.DirectJDKLog [main] Initializing ProtocolHandler ["http-nio-8080"]
2025-02-24 14:37:24,127 INFO o.a.j.l.DirectJDKLog [main] Starting service [Tomcat]
2025-02-24 14:37:24,128 INFO o.a.j.l.DirectJDKLog [main] Starting Servlet engine: [Apache Tomcat/10.1.24]
2025-02-24 14:37:24,186 INFO o.a.j.l.DirectJDKLog [main] Initializing Spring embedded WebApplicationContext
2025-02-24 14:37:24,187 INFO o.s.b.w.s.c.ServletWebServerApplicationContext [main] Root WebApplicationContext: initialization completed in 1370 ms
2025-02-24 14:37:24,319 INFO o.h.j.i.u.LogHelper [main] HHH000204: Processing PersistenceUnitInfo [name: default]
2025-02-24 14:37:24,351 INFO o.h.Version [main] HHH000412: Hibernate ORM core version 6.5.2.Final
2025-02-24 14:37:24,373 INFO o.h.c.i.RegionFactoryInitiator [main] HHH000026: Second-level cache disabled
2025-02-24 14:37:24,574 INFO o.s.o.j.p.SpringPersistenceUnitInfo [main] No LoadTimeWeaver setup: ignoring JPA class transformer
2025-02-24 14:37:24,590 INFO c.z.h.HikariDataSource [main] HikariPool-1 - Starting...
2025-02-24 14:37:24,685 INFO c.z.h.p.HikariPool [main] HikariPool-1 - Added connection org.postgresql.jdbc.PgConnection@72e36677
2025-02-24 14:37:24,687 INFO c.z.h.HikariDataSource [main] HikariPool-1 - Start completed.
2025-02-24 14:37:24,713 WARN o.h.e.j.d.i.DialectFactoryImpl [main] HHH90000025: PostgreSQLDialect does not need to be specified explicitly using 'hibernate.dialect' (remove the property setting and it will be selected by default)
2025-02-24 14:37:25,579 INFO o.h.e.t.j.p.i.JtaPlatformInitiator [main] HHH000489: No JTA platform available (set 'hibernate.transaction.jta.platform' to enable JTA platform integration)
2025-02-24 14:37:25,591 WARN o.h.e.j.s.SqlExceptionHelper$StandardWarningHandler [main] SQL Warning Code: 0, SQLState: 00000
2025-02-24 14:37:25,591 WARN o.h.e.j.s.SqlExceptionHelper$StandardWarningHandler [main] relation "menu_role_permissions" does not exist, skipping
2025-02-24 14:37:25,592 WARN o.h.e.j.s.SqlExceptionHelper$StandardWarningHandler [main] SQL Warning Code: 0, SQLState: 00000
2025-02-24 14:37:25,592 WARN o.h.e.j.s.SqlExceptionHelper$StandardWarningHandler [main] relation "menu_role_permissions" does not exist, skipping
2025-02-24 14:37:25,593 WARN o.h.e.j.s.SqlExceptionHelper$StandardWarningHandler [main] SQL Warning Code: 0, SQLState: 00000
2025-02-24 14:37:25,593 WARN o.h.e.j.s.SqlExceptionHelper$StandardWarningHandler [main] relation "menu_role_permissions" does not exist, skipping
2025-02-24 14:37:25,593 WARN o.h.e.j.s.SqlExceptionHelper$StandardWarningHandler [main] SQL Warning Code: 0, SQLState: 00000
2025-02-24 14:37:25,594 WARN o.h.e.j.s.SqlExceptionHelper$StandardWarningHandler [main] relation "products" does not exist, skipping
2025-02-24 14:37:25,594 WARN o.h.e.j.s.SqlExceptionHelper$StandardWarningHandler [main] SQL Warning Code: 0, SQLState: 00000
2025-02-24 14:37:25,594 WARN o.h.e.j.s.SqlExceptionHelper$StandardWarningHandler [main] relation "user_roles" does not exist, skipping
2025-02-24 14:37:25,595 WARN o.h.e.j.s.SqlExceptionHelper$StandardWarningHandler [main] SQL Warning Code: 0, SQLState: 00000
2025-02-24 14:37:25,595 WARN o.h.e.j.s.SqlExceptionHelper$StandardWarningHandler [main] relation "user_roles" does not exist, skipping
2025-02-24 14:37:25,595 WARN o.h.e.j.s.SqlExceptionHelper$StandardWarningHandler [main] SQL Warning Code: 0, SQLState: 00000
2025-02-24 14:37:25,595 WARN o.h.e.j.s.SqlExceptionHelper$StandardWarningHandler [main] relation "user_stores" does not exist, skipping
2025-02-24 14:37:25,596 WARN o.h.e.j.s.SqlExceptionHelper$StandardWarningHandler [main] SQL Warning Code: 0, SQLState: 00000
2025-02-24 14:37:25,596 WARN o.h.e.j.s.SqlExceptionHelper$StandardWarningHandler [main] relation "user_stores" does not exist, skipping
2025-02-24 14:37:25,596 WARN o.h.e.j.s.SqlExceptionHelper$StandardWarningHandler [main] SQL Warning Code: 0, SQLState: 00000
2025-02-24 14:37:25,596 WARN o.h.e.j.s.SqlExceptionHelper$StandardWarningHandler [main] table "menu_role_permissions" does not exist, skipping
2025-02-24 14:37:25,597 WARN o.h.e.j.s.SqlExceptionHelper$StandardWarningHandler [main] SQL Warning Code: 0, SQLState: 00000
2025-02-24 14:37:25,597 WARN o.h.e.j.s.SqlExceptionHelper$StandardWarningHandler [main] table "menus" does not exist, skipping
2025-02-24 14:37:25,597 WARN o.h.e.j.s.SqlExceptionHelper$StandardWarningHandler [main] SQL Warning Code: 0, SQLState: 00000
2025-02-24 14:37:25,597 WARN o.h.e.j.s.SqlExceptionHelper$StandardWarningHandler [main] table "permissions" does not exist, skipping
2025-02-24 14:37:25,598 WARN o.h.e.j.s.SqlExceptionHelper$StandardWarningHandler [main] SQL Warning Code: 0, SQLState: 00000
2025-02-24 14:37:25,598 WARN o.h.e.j.s.SqlExceptionHelper$StandardWarningHandler [main] table "products" does not exist, skipping
2025-02-24 14:37:25,598 WARN o.h.e.j.s.SqlExceptionHelper$StandardWarningHandler [main] SQL Warning Code: 0, SQLState: 00000
2025-02-24 14:37:25,599 WARN o.h.e.j.s.SqlExceptionHelper$StandardWarningHandler [main] table "roles" does not exist, skipping
2025-02-24 14:37:25,599 WARN o.h.e.j.s.SqlExceptionHelper$StandardWarningHandler [main] SQL Warning Code: 0, SQLState: 00000
2025-02-24 14:37:25,599 WARN o.h.e.j.s.SqlExceptionHelper$StandardWarningHandler [main] table "stores" does not exist, skipping
2025-02-24 14:37:25,600 WARN o.h.e.j.s.SqlExceptionHelper$StandardWarningHandler [main] SQL Warning Code: 0, SQLState: 00000
2025-02-24 14:37:25,600 WARN o.h.e.j.s.SqlExceptionHelper$StandardWarningHandler [main] table "sys_params" does not exist, skipping
2025-02-24 14:37:25,601 WARN o.h.e.j.s.SqlExceptionHelper$StandardWarningHandler [main] SQL Warning Code: 0, SQLState: 00000
2025-02-24 14:37:25,601 WARN o.h.e.j.s.SqlExceptionHelper$StandardWarningHandler [main] table "user_roles" does not exist, skipping
2025-02-24 14:37:25,601 WARN o.h.e.j.s.SqlExceptionHelper$StandardWarningHandler [main] SQL Warning Code: 0, SQLState: 00000
2025-02-24 14:37:25,601 WARN o.h.e.j.s.SqlExceptionHelper$StandardWarningHandler [main] table "user_stores" does not exist, skipping
2025-02-24 14:37:25,602 WARN o.h.e.j.s.SqlExceptionHelper$StandardWarningHandler [main] SQL Warning Code: 0, SQLState: 00000
2025-02-24 14:37:25,602 WARN o.h.e.j.s.SqlExceptionHelper$StandardWarningHandler [main] table "users" does not exist, skipping
2025-02-24 14:37:25,683 INFO o.s.o.j.AbstractEntityManagerFactoryBean [main] Initialized JPA EntityManagerFactory for persistence unit 'default'
2025-02-24 14:37:26,819 WARN o.s.b.a.o.j.JpaBaseConfiguration$JpaWebConfiguration [main] spring.jpa.open-in-view is enabled by default. Therefore, database queries may be performed during view rendering. Explicitly configure spring.jpa.open-in-view to disable this warning
2025-02-24 14:37:27,673 INFO o.a.j.l.DirectJDKLog [main] Starting ProtocolHandler ["http-nio-8080"]
2025-02-24 14:37:27,687 INFO o.s.b.w.e.t.TomcatWebServer [main] Tomcat started on port 8080 (http) with context path '/pos'
2025-02-24 14:37:27,697 INFO o.s.b.StartupInfoLogger [main] Started PosApplication in 5.261 seconds (process running for 5.559)
2025-02-24 14:37:27,699 INFO c.b.p.l.StartupListener [main] Startup Listener
2025-02-24 14:37:28,032 INFO c.b.p.l.StartupListener [main] storage platform 1 = s3
2025-02-24 14:37:28,035 INFO c.b.p.l.StartupListener [main] storage platform 2 = s3
2025-02-24 14:37:28,036 INFO c.b.p.l.StartupListener [main] storage platform 3 = s3
2025-02-24 14:37:33,125 INFO o.a.j.l.DirectJDKLog [http-nio-8080-exec-1] Initializing Spring DispatcherServlet 'dispatcherServlet'
2025-02-24 14:37:33,126 INFO o.s.w.s.FrameworkServlet [http-nio-8080-exec-1] Initializing Servlet 'dispatcherServlet'
2025-02-24 14:37:33,128 INFO o.s.w.s.FrameworkServlet [http-nio-8080-exec-1] Completed initialization in 2 ms
2025-02-24 14:37:33,356 INFO c.b.p.a.LoggingAspect [http-nio-8080-exec-1] Start uploadFile() -> args = [product, Schedule Mr Dimas.jpeg, sun.nio.ch.ChannelInputStream@7805e3c4, image/jpeg]
2025-02-24 14:37:33,357 INFO c.b.p.a.LoggingAspect [http-nio-8080-exec-1] Before uploadFile() -> [product, Schedule Mr Dimas.jpeg, sun.nio.ch.ChannelInputStream@7805e3c4, image/jpeg]
2025-02-24 14:37:33,358 INFO c.b.p.a.LoggingAspect [http-nio-8080-exec-1] AfterReturning uploadFile() -> null
2025-02-24 14:37:33,359 INFO c.b.p.a.LoggingAspect [http-nio-8080-exec-1] After uploadFile() -> [product, Schedule Mr Dimas.jpeg, sun.nio.ch.ChannelInputStream@7805e3c4, image/jpeg]
2025-02-24 14:37:33,359 INFO c.b.p.a.LoggingAspect [http-nio-8080-exec-1] End uploadFile()
2025-02-24 14:40:59,553 INFO o.h.v.i.u.Version [background-preinit] HV000001: Hibernate Validator 8.0.1.Final
2025-02-24 14:40:59,595 INFO o.s.b.StartupInfoLogger [main] Starting PosApplication using Java 19.0.1 with PID 39716 (D:\Dimas\Projects\POS\pos\target\classes started by hand_ in D:\Dimas\Projects\POS\pos)
2025-02-24 14:40:59,595 DEBUG o.s.b.StartupInfoLogger [main] Running with Spring Boot v3.3.0, Spring v6.1.8
2025-02-24 14:40:59,596 INFO o.s.b.SpringApplication [main] No active profile set, falling back to 1 default profile: "default"
2025-02-24 14:41:00,489 INFO o.s.d.r.c.RepositoryConfigurationDelegate [main] Multiple Spring Data modules found, entering strict repository configuration mode
2025-02-24 14:41:00,491 INFO o.s.d.r.c.RepositoryConfigurationDelegate [main] Bootstrapping Spring Data JPA repositories in DEFAULT mode.
2025-02-24 14:41:00,688 INFO o.s.d.r.c.RepositoryConfigurationDelegate [main] Finished Spring Data repository scanning in 190 ms. Found 10 JPA repository interfaces.
2025-02-24 14:41:00,702 INFO o.s.d.r.c.RepositoryConfigurationDelegate [main] Multiple Spring Data modules found, entering strict repository configuration mode
2025-02-24 14:41:00,703 INFO o.s.d.r.c.RepositoryConfigurationDelegate [main] Bootstrapping Spring Data Redis repositories in DEFAULT mode.
2025-02-24 14:41:00,720 INFO o.s.d.r.c.RepositoryConfigurationExtensionSupport [main] Spring Data Redis - Could not safely identify store assignment for repository candidate interface com.bleizing.pos.repository.MenuRepository; If you want this repository to be a Redis repository, consider annotating your entities with one of these annotations: org.springframework.data.redis.core.RedisHash (preferred), or consider extending one of the following types with your repository: org.springframework.data.keyvalue.repository.KeyValueRepository
2025-02-24 14:41:00,721 INFO o.s.d.r.c.RepositoryConfigurationExtensionSupport [main] Spring Data Redis - Could not safely identify store assignment for repository candidate interface com.bleizing.pos.repository.MenuRolePermissionRepository; If you want this repository to be a Redis repository, consider annotating your entities with one of these annotations: org.springframework.data.redis.core.RedisHash (preferred), or consider extending one of the following types with your repository: org.springframework.data.keyvalue.repository.KeyValueRepository
2025-02-24 14:41:00,721 INFO o.s.d.r.c.RepositoryConfigurationExtensionSupport [main] Spring Data Redis - Could not safely identify store assignment for repository candidate interface com.bleizing.pos.repository.PermissionRepository; If you want this repository to be a Redis repository, consider annotating your entities with one of these annotations: org.springframework.data.redis.core.RedisHash (preferred), or consider extending one of the following types with your repository: org.springframework.data.keyvalue.repository.KeyValueRepository
2025-02-24 14:41:00,721 INFO o.s.d.r.c.RepositoryConfigurationExtensionSupport [main] Spring Data Redis - Could not safely identify store assignment for repository candidate interface com.bleizing.pos.repository.ProductRepository; If you want this repository to be a Redis repository, consider annotating your entities with one of these annotations: org.springframework.data.redis.core.RedisHash (preferred), or consider extending one of the following types with your repository: org.springframework.data.keyvalue.repository.KeyValueRepository
2025-02-24 14:41:00,722 INFO o.s.d.r.c.RepositoryConfigurationExtensionSupport [main] Spring Data Redis - Could not safely identify store assignment for repository candidate interface com.bleizing.pos.repository.RoleRepository; If you want this repository to be a Redis repository, consider annotating your entities with one of these annotations: org.springframework.data.redis.core.RedisHash (preferred), or consider extending one of the following types with your repository: org.springframework.data.keyvalue.repository.KeyValueRepository
2025-02-24 14:41:00,722 INFO o.s.d.r.c.RepositoryConfigurationExtensionSupport [main] Spring Data Redis - Could not safely identify store assignment for repository candidate interface com.bleizing.pos.repository.StoreRepository; If you want this repository to be a Redis repository, consider annotating your entities with one of these annotations: org.springframework.data.redis.core.RedisHash (preferred), or consider extending one of the following types with your repository: org.springframework.data.keyvalue.repository.KeyValueRepository
2025-02-24 14:41:00,722 INFO o.s.d.r.c.RepositoryConfigurationExtensionSupport [main] Spring Data Redis - Could not safely identify store assignment for repository candidate interface com.bleizing.pos.repository.SysParamRepository; If you want this repository to be a Redis repository, consider annotating your entities with one of these annotations: org.springframework.data.redis.core.RedisHash (preferred), or consider extending one of the following types with your repository: org.springframework.data.keyvalue.repository.KeyValueRepository
2025-02-24 14:41:00,722 INFO o.s.d.r.c.RepositoryConfigurationExtensionSupport [main] Spring Data Redis - Could not safely identify store assignment for repository candidate interface com.bleizing.pos.repository.UserRepository; If you want this repository to be a Redis repository, consider annotating your entities with one of these annotations: org.springframework.data.redis.core.RedisHash (preferred), or consider extending one of the following types with your repository: org.springframework.data.keyvalue.repository.KeyValueRepository
2025-02-24 14:41:00,723 INFO o.s.d.r.c.RepositoryConfigurationExtensionSupport [main] Spring Data Redis - Could not safely identify store assignment for repository candidate interface com.bleizing.pos.repository.UserRoleRepository; If you want this repository to be a Redis repository, consider annotating your entities with one of these annotations: org.springframework.data.redis.core.RedisHash (preferred), or consider extending one of the following types with your repository: org.springframework.data.keyvalue.repository.KeyValueRepository
2025-02-24 14:41:00,723 INFO o.s.d.r.c.RepositoryConfigurationExtensionSupport [main] Spring Data Redis - Could not safely identify store assignment for repository candidate interface com.bleizing.pos.repository.UserStoreRepository; If you want this repository to be a Redis repository, consider annotating your entities with one of these annotations: org.springframework.data.redis.core.RedisHash (preferred), or consider extending one of the following types with your repository: org.springframework.data.keyvalue.repository.KeyValueRepository
2025-02-24 14:41:00,723 INFO o.s.d.r.c.RepositoryConfigurationDelegate [main] Finished Spring Data repository scanning in 12 ms. Found 0 Redis repository interfaces.
2025-02-24 14:41:01,522 INFO o.s.b.w.e.t.TomcatWebServer [main] Tomcat initialized with port 8080 (http)
2025-02-24 14:41:01,535 INFO o.a.j.l.DirectJDKLog [main] Initializing ProtocolHandler ["http-nio-8080"]
2025-02-24 14:41:01,538 INFO o.a.j.l.DirectJDKLog [main] Starting service [Tomcat]
2025-02-24 14:41:01,539 INFO o.a.j.l.DirectJDKLog [main] Starting Servlet engine: [Apache Tomcat/10.1.24]
2025-02-24 14:41:01,613 INFO o.a.j.l.DirectJDKLog [main] Initializing Spring embedded WebApplicationContext
2025-02-24 14:41:01,614 INFO o.s.b.w.s.c.ServletWebServerApplicationContext [main] Root WebApplicationContext: initialization completed in 1973 ms
2025-02-24 14:41:01,780 INFO o.h.j.i.u.LogHelper [main] HHH000204: Processing PersistenceUnitInfo [name: default]
2025-02-24 14:41:01,821 INFO o.h.Version [main] HHH000412: Hibernate ORM core version 6.5.2.Final
2025-02-24 14:41:01,852 INFO o.h.c.i.RegionFactoryInitiator [main] HHH000026: Second-level cache disabled
2025-02-24 14:41:02,119 INFO o.s.o.j.p.SpringPersistenceUnitInfo [main] No LoadTimeWeaver setup: ignoring JPA class transformer
2025-02-24 14:41:02,141 INFO c.z.h.HikariDataSource [main] HikariPool-1 - Starting...
2025-02-24 14:41:02,258 INFO c.z.h.p.HikariPool [main] HikariPool-1 - Added connection org.postgresql.jdbc.PgConnection@1626bddf
2025-02-24 14:41:02,260 INFO c.z.h.HikariDataSource [main] HikariPool-1 - Start completed.
2025-02-24 14:41:02,290 WARN o.h.e.j.d.i.DialectFactoryImpl [main] HHH90000025: PostgreSQLDialect does not need to be specified explicitly using 'hibernate.dialect' (remove the property setting and it will be selected by default)
2025-02-24 14:41:03,464 INFO o.h.e.t.j.p.i.JtaPlatformInitiator [main] HHH000489: No JTA platform available (set 'hibernate.transaction.jta.platform' to enable JTA platform integration)
2025-02-24 14:41:03,639 INFO o.s.o.j.AbstractEntityManagerFactoryBean [main] Initialized JPA EntityManagerFactory for persistence unit 'default'
2025-02-24 14:41:05,021 WARN o.s.b.a.o.j.JpaBaseConfiguration$JpaWebConfiguration [main] spring.jpa.open-in-view is enabled by default. Therefore, database queries may be performed during view rendering. Explicitly configure spring.jpa.open-in-view to disable this warning
2025-02-24 14:41:06,287 INFO o.a.j.l.DirectJDKLog [main] Starting ProtocolHandler ["http-nio-8080"]
2025-02-24 14:41:06,307 INFO o.s.b.w.e.t.TomcatWebServer [main] Tomcat started on port 8080 (http) with context path '/pos'
2025-02-24 14:41:06,318 INFO o.s.b.StartupInfoLogger [main] Started PosApplication in 7.222 seconds (process running for 7.634)
2025-02-24 14:41:06,321 INFO c.b.p.l.StartupListener [main] Startup Listener
2025-02-24 14:41:06,903 INFO c.b.p.l.StartupListener [main] storage platform 1 = minio
2025-02-24 14:41:06,909 INFO c.b.p.l.StartupListener [main] storage platform 2 = minio
2025-02-24 14:41:06,909 INFO c.b.p.l.StartupListener [main] storage platform 3 = s3
2025-02-24 14:41:12,220 INFO o.a.j.l.DirectJDKLog [http-nio-8080-exec-1] Initializing Spring DispatcherServlet 'dispatcherServlet'
2025-02-24 14:41:12,220 INFO o.s.w.s.FrameworkServlet [http-nio-8080-exec-1] Initializing Servlet 'dispatcherServlet'
2025-02-24 14:41:12,221 INFO o.s.w.s.FrameworkServlet [http-nio-8080-exec-1] Completed initialization in 1 ms
2025-02-24 14:41:12,475 INFO c.b.p.a.LoggingAspect [http-nio-8080-exec-1] Start uploadFile() -> args = [product, Schedule Mr Dimas.jpeg, sun.nio.ch.ChannelInputStream@72e83208, image/jpeg]
2025-02-24 14:41:12,476 INFO c.b.p.a.LoggingAspect [http-nio-8080-exec-1] Before uploadFile() -> [product, Schedule Mr Dimas.jpeg, sun.nio.ch.ChannelInputStream@72e83208, image/jpeg]
2025-02-24 14:41:12,606 INFO c.b.p.a.LoggingAspect [http-nio-8080-exec-1] AfterReturning uploadFile() -> product/45AB69DE7A56D1719C297065BD49D4A01BB3BF0D6CFD6972246CCED1845AF5AC
2025-02-24 14:41:12,607 INFO c.b.p.a.LoggingAspect [http-nio-8080-exec-1] After uploadFile() -> [product, Schedule Mr Dimas.jpeg, sun.nio.ch.ChannelInputStream@72e83208, image/jpeg]
2025-02-24 14:41:12,607 INFO c.b.p.a.LoggingAspect [http-nio-8080-exec-1] End uploadFile()
2025-02-24 14:44:58,326 INFO o.h.v.i.u.Version [background-preinit] HV000001: Hibernate Validator 8.0.1.Final
2025-02-24 14:44:58,361 INFO o.s.b.StartupInfoLogger [main] Starting PosApplication using Java 19.0.1 with PID 8840 (D:\Dimas\Projects\POS\pos\target\classes started by hand_ in D:\Dimas\Projects\POS\pos)
2025-02-24 14:44:58,361 DEBUG o.s.b.StartupInfoLogger [main] Running with Spring Boot v3.3.0, Spring v6.1.8
2025-02-24 14:44:58,362 INFO o.s.b.SpringApplication [main] No active profile set, falling back to 1 default profile: "default"
2025-02-24 14:44:58,957 INFO o.s.d.r.c.RepositoryConfigurationDelegate [main] Multiple Spring Data modules found, entering strict repository configuration mode
2025-02-24 14:44:58,959 INFO o.s.d.r.c.RepositoryConfigurationDelegate [main] Bootstrapping Spring Data JPA repositories in DEFAULT mode.
2025-02-24 14:44:59,073 INFO o.s.d.r.c.RepositoryConfigurationDelegate [main] Finished Spring Data repository scanning in 110 ms. Found 10 JPA repository interfaces.
2025-02-24 14:44:59,084 INFO o.s.d.r.c.RepositoryConfigurationDelegate [main] Multiple Spring Data modules found, entering strict repository configuration mode
2025-02-24 14:44:59,085 INFO o.s.d.r.c.RepositoryConfigurationDelegate [main] Bootstrapping Spring Data Redis repositories in DEFAULT mode.
2025-02-24 14:44:59,097 INFO o.s.d.r.c.RepositoryConfigurationExtensionSupport [main] Spring Data Redis - Could not safely identify store assignment for repository candidate interface com.bleizing.pos.repository.MenuRepository; If you want this repository to be a Redis repository, consider annotating your entities with one of these annotations: org.springframework.data.redis.core.RedisHash (preferred), or consider extending one of the following types with your repository: org.springframework.data.keyvalue.repository.KeyValueRepository
2025-02-24 14:44:59,097 INFO o.s.d.r.c.RepositoryConfigurationExtensionSupport [main] Spring Data Redis - Could not safely identify store assignment for repository candidate interface com.bleizing.pos.repository.MenuRolePermissionRepository; If you want this repository to be a Redis repository, consider annotating your entities with one of these annotations: org.springframework.data.redis.core.RedisHash (preferred), or consider extending one of the following types with your repository: org.springframework.data.keyvalue.repository.KeyValueRepository
2025-02-24 14:44:59,098 INFO o.s.d.r.c.RepositoryConfigurationExtensionSupport [main] Spring Data Redis - Could not safely identify store assignment for repository candidate interface com.bleizing.pos.repository.PermissionRepository; If you want this repository to be a Redis repository, consider annotating your entities with one of these annotations: org.springframework.data.redis.core.RedisHash (preferred), or consider extending one of the following types with your repository: org.springframework.data.keyvalue.repository.KeyValueRepository
2025-02-24 14:44:59,098 INFO o.s.d.r.c.RepositoryConfigurationExtensionSupport [main] Spring Data Redis - Could not safely identify store assignment for repository candidate interface com.bleizing.pos.repository.ProductRepository; If you want this repository to be a Redis repository, consider annotating your entities with one of these annotations: org.springframework.data.redis.core.RedisHash (preferred), or consider extending one of the following types with your repository: org.springframework.data.keyvalue.repository.KeyValueRepository
2025-02-24 14:44:59,098 INFO o.s.d.r.c.RepositoryConfigurationExtensionSupport [main] Spring Data Redis - Could not safely identify store assignment for repository candidate interface com.bleizing.pos.repository.RoleRepository; If you want this repository to be a Redis repository, consider annotating your entities with one of these annotations: org.springframework.data.redis.core.RedisHash (preferred), or consider extending one of the following types with your repository: org.springframework.data.keyvalue.repository.KeyValueRepository
2025-02-24 14:44:59,099 INFO o.s.d.r.c.RepositoryConfigurationExtensionSupport [main] Spring Data Redis - Could not safely identify store assignment for repository candidate interface com.bleizing.pos.repository.StoreRepository; If you want this repository to be a Redis repository, consider annotating your entities with one of these annotations: org.springframework.data.redis.core.RedisHash (preferred), or consider extending one of the following types with your repository: org.springframework.data.keyvalue.repository.KeyValueRepository
2025-02-24 14:44:59,100 INFO o.s.d.r.c.RepositoryConfigurationExtensionSupport [main] Spring Data Redis - Could not safely identify store assignment for repository candidate interface com.bleizing.pos.repository.SysParamRepository; If you want this repository to be a Redis repository, consider annotating your entities with one of these annotations: org.springframework.data.redis.core.RedisHash (preferred), or consider extending one of the following types with your repository: org.springframework.data.keyvalue.repository.KeyValueRepository
2025-02-24 14:44:59,100 INFO o.s.d.r.c.RepositoryConfigurationExtensionSupport [main] Spring Data Redis - Could not safely identify store assignment for repository candidate interface com.bleizing.pos.repository.UserRepository; If you want this repository to be a Redis repository, consider annotating your entities with one of these annotations: org.springframework.data.redis.core.RedisHash (preferred), or consider extending one of the following types with your repository: org.springframework.data.keyvalue.repository.KeyValueRepository
2025-02-24 14:44:59,100 INFO o.s.d.r.c.RepositoryConfigurationExtensionSupport [main] Spring Data Redis - Could not safely identify store assignment for repository candidate interface com.bleizing.pos.repository.UserRoleRepository; If you want this repository to be a Redis repository, consider annotating your entities with one of these annotations: org.springframework.data.redis.core.RedisHash (preferred), or consider extending one of the following types with your repository: org.springframework.data.keyvalue.repository.KeyValueRepository
2025-02-24 14:44:59,101 INFO o.s.d.r.c.RepositoryConfigurationExtensionSupport [main] Spring Data Redis - Could not safely identify store assignment for repository candidate interface com.bleizing.pos.repository.UserStoreRepository; If you want this repository to be a Redis repository, consider annotating your entities with one of these annotations: org.springframework.data.redis.core.RedisHash (preferred), or consider extending one of the following types with your repository: org.springframework.data.keyvalue.repository.KeyValueRepository
2025-02-24 14:44:59,101 INFO o.s.d.r.c.RepositoryConfigurationDelegate [main] Finished Spring Data repository scanning in 10 ms. Found 0 Redis repository interfaces.
2025-02-24 14:44:59,707 INFO o.s.b.w.e.t.TomcatWebServer [main] Tomcat initialized with port 8080 (http)
2025-02-24 14:44:59,724 INFO o.a.j.l.DirectJDKLog [main] Initializing ProtocolHandler ["http-nio-8080"]
2025-02-24 14:44:59,726 INFO o.a.j.l.DirectJDKLog [main] Starting service [Tomcat]
2025-02-24 14:44:59,726 INFO o.a.j.l.DirectJDKLog [main] Starting Servlet engine: [Apache Tomcat/10.1.24]
2025-02-24 14:44:59,784 INFO o.a.j.l.DirectJDKLog [main] Initializing Spring embedded WebApplicationContext
2025-02-24 14:44:59,785 INFO o.s.b.w.s.c.ServletWebServerApplicationContext [main] Root WebApplicationContext: initialization completed in 1386 ms
2025-02-24 14:44:59,912 INFO o.h.j.i.u.LogHelper [main] HHH000204: Processing PersistenceUnitInfo [name: default]
2025-02-24 14:44:59,943 INFO o.h.Version [main] HHH000412: Hibernate ORM core version 6.5.2.Final
2025-02-24 14:44:59,967 INFO o.h.c.i.RegionFactoryInitiator [main] HHH000026: Second-level cache disabled
2025-02-24 14:45:00,176 INFO o.s.o.j.p.SpringPersistenceUnitInfo [main] No LoadTimeWeaver setup: ignoring JPA class transformer
2025-02-24 14:45:00,195 INFO c.z.h.HikariDataSource [main] HikariPool-1 - Starting...
2025-02-24 14:45:00,395 INFO c.z.h.p.HikariPool [main] HikariPool-1 - Added connection org.postgresql.jdbc.PgConnection@2b62475a
2025-02-24 14:45:00,397 INFO c.z.h.HikariDataSource [main] HikariPool-1 - Start completed.
2025-02-24 14:45:00,428 WARN o.h.e.j.d.i.DialectFactoryImpl [main] HHH90000025: PostgreSQLDialect does not need to be specified explicitly using 'hibernate.dialect' (remove the property setting and it will be selected by default)
2025-02-24 14:45:01,568 INFO o.h.e.t.j.p.i.JtaPlatformInitiator [main] HHH000489: No JTA platform available (set 'hibernate.transaction.jta.platform' to enable JTA platform integration)
2025-02-24 14:45:01,805 INFO o.s.o.j.AbstractEntityManagerFactoryBean [main] Initialized JPA EntityManagerFactory for persistence unit 'default'
2025-02-24 14:45:03,162 WARN o.s.b.a.o.j.JpaBaseConfiguration$JpaWebConfiguration [main] spring.jpa.open-in-view is enabled by default. Therefore, database queries may be performed during view rendering. Explicitly configure spring.jpa.open-in-view to disable this warning
2025-02-24 14:45:04,333 INFO o.a.j.l.DirectJDKLog [main] Starting ProtocolHandler ["http-nio-8080"]
2025-02-24 14:45:04,352 INFO o.s.b.w.e.t.TomcatWebServer [main] Tomcat started on port 8080 (http) with context path '/pos'
2025-02-24 14:45:04,365 INFO o.s.b.StartupInfoLogger [main] Started PosApplication in 6.378 seconds (process running for 6.676)
2025-02-24 14:45:04,368 INFO c.b.p.l.StartupListener [main] Startup Listener
2025-02-24 14:45:38,543 INFO o.h.v.i.u.Version [background-preinit] HV000001: Hibernate Validator 8.0.1.Final
2025-02-24 14:45:38,578 INFO o.s.b.StartupInfoLogger [main] Starting PosApplication using Java 19.0.1 with PID 26360 (D:\Dimas\Projects\POS\pos\target\classes started by hand_ in D:\Dimas\Projects\POS\pos)
2025-02-24 14:45:38,578 DEBUG o.s.b.StartupInfoLogger [main] Running with Spring Boot v3.3.0, Spring v6.1.8
2025-02-24 14:45:38,578 INFO o.s.b.SpringApplication [main] No active profile set, falling back to 1 default profile: "default"
2025-02-24 14:45:39,278 INFO o.s.d.r.c.RepositoryConfigurationDelegate [main] Multiple Spring Data modules found, entering strict repository configuration mode
2025-02-24 14:45:39,278 INFO o.s.d.r.c.RepositoryConfigurationDelegate [main] Bootstrapping Spring Data JPA repositories in DEFAULT mode.
2025-02-24 14:45:39,433 INFO o.s.d.r.c.RepositoryConfigurationDelegate [main] Finished Spring Data repository scanning in 135 ms. Found 10 JPA repository interfaces.
2025-02-24 14:45:39,445 INFO o.s.d.r.c.RepositoryConfigurationDelegate [main] Multiple Spring Data modules found, entering strict repository configuration mode
2025-02-24 14:45:39,447 INFO o.s.d.r.c.RepositoryConfigurationDelegate [main] Bootstrapping Spring Data Redis repositories in DEFAULT mode.
2025-02-24 14:45:39,461 INFO o.s.d.r.c.RepositoryConfigurationExtensionSupport [main] Spring Data Redis - Could not safely identify store assignment for repository candidate interface com.bleizing.pos.repository.MenuRepository; If you want this repository to be a Redis repository, consider annotating your entities with one of these annotations: org.springframework.data.redis.core.RedisHash (preferred), or consider extending one of the following types with your repository: org.springframework.data.keyvalue.repository.KeyValueRepository
2025-02-24 14:45:39,462 INFO o.s.d.r.c.RepositoryConfigurationExtensionSupport [main] Spring Data Redis - Could not safely identify store assignment for repository candidate interface com.bleizing.pos.repository.MenuRolePermissionRepository; If you want this repository to be a Redis repository, consider annotating your entities with one of these annotations: org.springframework.data.redis.core.RedisHash (preferred), or consider extending one of the following types with your repository: org.springframework.data.keyvalue.repository.KeyValueRepository
2025-02-24 14:45:39,462 INFO o.s.d.r.c.RepositoryConfigurationExtensionSupport [main] Spring Data Redis - Could not safely identify store assignment for repository candidate interface com.bleizing.pos.repository.PermissionRepository; If you want this repository to be a Redis repository, consider annotating your entities with one of these annotations: org.springframework.data.redis.core.RedisHash (preferred), or consider extending one of the following types with your repository: org.springframework.data.keyvalue.repository.KeyValueRepository
2025-02-24 14:45:39,462 INFO o.s.d.r.c.RepositoryConfigurationExtensionSupport [main] Spring Data Redis - Could not safely identify store assignment for repository candidate interface com.bleizing.pos.repository.ProductRepository; If you want this repository to be a Redis repository, consider annotating your entities with one of these annotations: org.springframework.data.redis.core.RedisHash (preferred), or consider extending one of the following types with your repository: org.springframework.data.keyvalue.repository.KeyValueRepository
2025-02-24 14:45:39,462 INFO o.s.d.r.c.RepositoryConfigurationExtensionSupport [main] Spring Data Redis - Could not safely identify store assignment for repository candidate interface com.bleizing.pos.repository.RoleRepository; If you want this repository to be a Redis repository, consider annotating your entities with one of these annotations: org.springframework.data.redis.core.RedisHash (preferred), or consider extending one of the following types with your repository: org.springframework.data.keyvalue.repository.KeyValueRepository
2025-02-24 14:45:39,462 INFO o.s.d.r.c.RepositoryConfigurationExtensionSupport [main] Spring Data Redis - Could not safely identify store assignment for repository candidate interface com.bleizing.pos.repository.StoreRepository; If you want this repository to be a Redis repository, consider annotating your entities with one of these annotations: org.springframework.data.redis.core.RedisHash (preferred), or consider extending one of the following types with your repository: org.springframework.data.keyvalue.repository.KeyValueRepository
2025-02-24 14:45:39,462 INFO o.s.d.r.c.RepositoryConfigurationExtensionSupport [main] Spring Data Redis - Could not safely identify store assignment for repository candidate interface com.bleizing.pos.repository.SysParamRepository; If you want this repository to be a Redis repository, consider annotating your entities with one of these annotations: org.springframework.data.redis.core.RedisHash (preferred), or consider extending one of the following types with your repository: org.springframework.data.keyvalue.repository.KeyValueRepository
2025-02-24 14:45:39,462 INFO o.s.d.r.c.RepositoryConfigurationExtensionSupport [main] Spring Data Redis - Could not safely identify store assignment for repository candidate interface com.bleizing.pos.repository.UserRepository; If you want this repository to be a Redis repository, consider annotating your entities with one of these annotations: org.springframework.data.redis.core.RedisHash (preferred), or consider extending one of the following types with your repository: org.springframework.data.keyvalue.repository.KeyValueRepository
2025-02-24 14:45:39,462 INFO o.s.d.r.c.RepositoryConfigurationExtensionSupport [main] Spring Data Redis - Could not safely identify store assignment for repository candidate interface com.bleizing.pos.repository.UserRoleRepository; If you want this repository to be a Redis repository, consider annotating your entities with one of these annotations: org.springframework.data.redis.core.RedisHash (preferred), or consider extending one of the following types with your repository: org.springframework.data.keyvalue.repository.KeyValueRepository
2025-02-24 14:45:39,464 INFO o.s.d.r.c.RepositoryConfigurationExtensionSupport [main] Spring Data Redis - Could not safely identify store assignment for repository candidate interface com.bleizing.pos.repository.UserStoreRepository; If you want this repository to be a Redis repository, consider annotating your entities with one of these annotations: org.springframework.data.redis.core.RedisHash (preferred), or consider extending one of the following types with your repository: org.springframework.data.keyvalue.repository.KeyValueRepository
2025-02-24 14:45:39,464 INFO o.s.d.r.c.RepositoryConfigurationDelegate [main] Finished Spring Data repository scanning in 10 ms. Found 0 Redis repository interfaces.
2025-02-24 14:45:40,310 INFO o.s.b.w.e.t.TomcatWebServer [main] Tomcat initialized with port 8080 (http)
2025-02-24 14:45:40,336 INFO o.a.j.l.DirectJDKLog [main] Initializing ProtocolHandler ["http-nio-8080"]
2025-02-24 14:45:40,339 INFO o.a.j.l.DirectJDKLog [main] Starting service [Tomcat]
2025-02-24 14:45:40,339 INFO o.a.j.l.DirectJDKLog [main] Starting Servlet engine: [Apache Tomcat/10.1.24]
2025-02-24 14:45:40,418 INFO o.a.j.l.DirectJDKLog [main] Initializing Spring embedded WebApplicationContext
2025-02-24 14:45:40,419 INFO o.s.b.w.s.c.ServletWebServerApplicationContext [main] Root WebApplicationContext: initialization completed in 1813 ms
2025-02-24 14:45:40,601 INFO o.h.j.i.u.LogHelper [main] HHH000204: Processing PersistenceUnitInfo [name: default]
2025-02-24 14:45:40,645 INFO o.h.Version [main] HHH000412: Hibernate ORM core version 6.5.2.Final
2025-02-24 14:45:40,674 INFO o.h.c.i.RegionFactoryInitiator [main] HHH000026: Second-level cache disabled
2025-02-24 14:45:40,951 INFO o.s.o.j.p.SpringPersistenceUnitInfo [main] No LoadTimeWeaver setup: ignoring JPA class transformer
2025-02-24 14:45:40,962 INFO c.z.h.HikariDataSource [main] HikariPool-1 - Starting...
2025-02-24 14:45:41,095 INFO c.z.h.p.HikariPool [main] HikariPool-1 - Added connection org.postgresql.jdbc.PgConnection@2b62475a
2025-02-24 14:45:41,095 INFO c.z.h.HikariDataSource [main] HikariPool-1 - Start completed.
2025-02-24 14:45:41,132 WARN o.h.e.j.d.i.DialectFactoryImpl [main] HHH90000025: PostgreSQLDialect does not need to be specified explicitly using 'hibernate.dialect' (remove the property setting and it will be selected by default)
2025-02-24 14:45:42,324 INFO o.h.e.t.j.p.i.JtaPlatformInitiator [main] HHH000489: No JTA platform available (set 'hibernate.transaction.jta.platform' to enable JTA platform integration)
2025-02-24 14:45:42,543 INFO o.s.o.j.AbstractEntityManagerFactoryBean [main] Initialized JPA EntityManagerFactory for persistence unit 'default'
2025-02-24 14:45:43,984 WARN o.s.b.a.o.j.JpaBaseConfiguration$JpaWebConfiguration [main] spring.jpa.open-in-view is enabled by default. Therefore, database queries may be performed during view rendering. Explicitly configure spring.jpa.open-in-view to disable this warning
2025-02-24 14:45:45,385 INFO o.a.j.l.DirectJDKLog [main] Starting ProtocolHandler ["http-nio-8080"]
2025-02-24 14:45:45,403 INFO o.s.b.w.e.t.TomcatWebServer [main] Tomcat started on port 8080 (http) with context path '/pos'
2025-02-24 14:45:45,415 INFO o.s.b.StartupInfoLogger [main] Started PosApplication in 7.209 seconds (process running for 7.491)
2025-02-24 14:45:45,418 INFO c.b.p.l.StartupListener [main] Startup Listener
2025-02-24 14:46:09,690 INFO o.a.j.l.DirectJDKLog [http-nio-8080-exec-1] Initializing Spring DispatcherServlet 'dispatcherServlet'
2025-02-24 14:46:09,690 INFO o.s.w.s.FrameworkServlet [http-nio-8080-exec-1] Initializing Servlet 'dispatcherServlet'
2025-02-24 14:46:09,694 INFO o.s.w.s.FrameworkServlet [http-nio-8080-exec-1] Completed initialization in 4 ms
2025-02-24 14:46:10,158 INFO o.s.a.AbstractOpenApiResource [http-nio-8080-exec-6] Init duration for springdoc-openapi is: 236 ms
2025-02-24 14:46:37,047 INFO c.b.p.a.LoggingAspect [http-nio-8080-exec-4] Start update() -> args = [UpdateProductRequest(code=T2, name=null, price=100000, image=product/EF52FA4C0E9BDD90104E35482CDEC896C1872CA59613B681B03AA87C03B74CD3), 0, 1]
2025-02-24 14:46:37,048 INFO c.b.p.a.LoggingAspect [http-nio-8080-exec-4] Before update() -> [UpdateProductRequest(code=T2, name=null, price=100000, image=product/EF52FA4C0E9BDD90104E35482CDEC896C1872CA59613B681B03AA87C03B74CD3), 0, 1]
2025-02-24 14:46:37,089 INFO c.b.p.a.LoggingAspect [http-nio-8080-exec-4] AfterReturning update() -> UpdateProductResponse(success=true)
2025-02-24 14:46:37,090 INFO c.b.p.a.LoggingAspect [http-nio-8080-exec-4] After update() -> [UpdateProductRequest(code=T2, name=null, price=100000, image=product/EF52FA4C0E9BDD90104E35482CDEC896C1872CA59613B681B03AA87C03B74CD3), 0, 1]
2025-02-24 14:46:37,090 INFO c.b.p.a.LoggingAspect [http-nio-8080-exec-4] End update()
2025-02-24 14:46:43,472 INFO c.b.p.a.LoggingAspect [http-nio-8080-exec-10] Start update() -> args = [UpdateProductRequest(code=T2, name=null, price=1222, image=product/EF52FA4C0E9BDD90104E35482CDEC896C1872CA59613B681B03AA87C03B74CD3), 0, 1]
2025-02-24 14:46:43,473 INFO c.b.p.a.LoggingAspect [http-nio-8080-exec-10] Before update() -> [UpdateProductRequest(code=T2, name=null, price=1222, image=product/EF52FA4C0E9BDD90104E35482CDEC896C1872CA59613B681B03AA87C03B74CD3), 0, 1]
2025-02-24 14:46:43,481 INFO c.b.p.a.LoggingAspect [http-nio-8080-exec-10] AfterReturning update() -> UpdateProductResponse(success=true)
2025-02-24 14:46:43,482 INFO c.b.p.a.LoggingAspect [http-nio-8080-exec-10] After update() -> [UpdateProductRequest(code=T2, name=null, price=1222, image=product/EF52FA4C0E9BDD90104E35482CDEC896C1872CA59613B681B03AA87C03B74CD3), 0, 1]
2025-02-24 14:46:43,482 INFO c.b.p.a.LoggingAspect [http-nio-8080-exec-10] End update()
2025-02-24 14:47:01,211 INFO c.b.p.a.LoggingAspect [http-nio-8080-exec-5] Start update() -> args = [UpdateProductRequest(code=T2, name=null, price=1222, image=null), 0, 1]
2025-02-24 14:47:01,211 INFO c.b.p.a.LoggingAspect [http-nio-8080-exec-5] Before update() -> [UpdateProductRequest(code=T2, name=null, price=1222, image=null), 0, 1]
2025-02-24 14:47:01,215 INFO c.b.p.a.LoggingAspect [http-nio-8080-exec-5] AfterReturning update() -> UpdateProductResponse(success=true)
2025-02-24 14:47:01,216 INFO c.b.p.a.LoggingAspect [http-nio-8080-exec-5] After update() -> [UpdateProductRequest(code=T2, name=null, price=1222, image=null), 0, 1]
2025-02-24 14:47:01,216 INFO c.b.p.a.LoggingAspect [http-nio-8080-exec-5] End update()
2025-02-24 14:47:15,221 INFO c.b.p.a.LoggingAspect [http-nio-8080-exec-9] Start update() -> args = [UpdateProductRequest(code=T2, name=null, price=null, image=), 0, 1]
2025-02-24 14:47:15,221 INFO c.b.p.a.LoggingAspect [http-nio-8080-exec-9] Before update() -> [UpdateProductRequest(code=T2, name=null, price=null, image=), 0, 1]
2025-02-24 14:47:15,221 INFO c.b.p.a.LoggingAspect [http-nio-8080-exec-9] AfterReturning update() -> UpdateProductResponse(success=true)
2025-02-24 14:47:15,221 INFO c.b.p.a.LoggingAspect [http-nio-8080-exec-9] After update() -> [UpdateProductRequest(code=T2, name=null, price=null, image=), 0, 1]
2025-02-24 14:47:15,221 INFO c.b.p.a.LoggingAspect [http-nio-8080-exec-9] End update()
2025-02-24 14:47:56,929 INFO o.h.v.i.u.Version [background-preinit] HV000001: Hibernate Validator 8.0.1.Final
2025-02-24 14:47:56,959 INFO o.s.b.StartupInfoLogger [main] Starting PosApplication using Java 19.0.1 with PID 27612 (D:\Dimas\Projects\POS\pos\target\classes started by hand_ in D:\Dimas\Projects\POS\pos)
2025-02-24 14:47:56,960 DEBUG o.s.b.StartupInfoLogger [main] Running with Spring Boot v3.3.0, Spring v6.1.8
2025-02-24 14:47:56,961 INFO o.s.b.SpringApplication [main] No active profile set, falling back to 1 default profile: "default"
2025-02-24 14:47:57,590 INFO o.s.d.r.c.RepositoryConfigurationDelegate [main] Multiple Spring Data modules found, entering strict repository configuration mode
2025-02-24 14:47:57,591 INFO o.s.d.r.c.RepositoryConfigurationDelegate [main] Bootstrapping Spring Data JPA repositories in DEFAULT mode.
2025-02-24 14:47:57,707 INFO o.s.d.r.c.RepositoryConfigurationDelegate [main] Finished Spring Data repository scanning in 108 ms. Found 10 JPA repository interfaces.
2025-02-24 14:47:57,718 INFO o.s.d.r.c.RepositoryConfigurationDelegate [main] Multiple Spring Data modules found, entering strict repository configuration mode
2025-02-24 14:47:57,719 INFO o.s.d.r.c.RepositoryConfigurationDelegate [main] Bootstrapping Spring Data Redis repositories in DEFAULT mode.
2025-02-24 14:47:57,733 INFO o.s.d.r.c.RepositoryConfigurationExtensionSupport [main] Spring Data Redis - Could not safely identify store assignment for repository candidate interface com.bleizing.pos.repository.MenuRepository; If you want this repository to be a Redis repository, consider annotating your entities with one of these annotations: org.springframework.data.redis.core.RedisHash (preferred), or consider extending one of the following types with your repository: org.springframework.data.keyvalue.repository.KeyValueRepository
2025-02-24 14:47:57,734 INFO o.s.d.r.c.RepositoryConfigurationExtensionSupport [main] Spring Data Redis - Could not safely identify store assignment for repository candidate interface com.bleizing.pos.repository.MenuRolePermissionRepository; If you want this repository to be a Redis repository, consider annotating your entities with one of these annotations: org.springframework.data.redis.core.RedisHash (preferred), or consider extending one of the following types with your repository: org.springframework.data.keyvalue.repository.KeyValueRepository
2025-02-24 14:47:57,734 INFO o.s.d.r.c.RepositoryConfigurationExtensionSupport [main] Spring Data Redis - Could not safely identify store assignment for repository candidate interface com.bleizing.pos.repository.PermissionRepository; If you want this repository to be a Redis repository, consider annotating your entities with one of these annotations: org.springframework.data.redis.core.RedisHash (preferred), or consider extending one of the following types with your repository: org.springframework.data.keyvalue.repository.KeyValueRepository
2025-02-24 14:47:57,734 INFO o.s.d.r.c.RepositoryConfigurationExtensionSupport [main] Spring Data Redis - Could not safely identify store assignment for repository candidate interface com.bleizing.pos.repository.ProductRepository; If you want this repository to be a Redis repository, consider annotating your entities with one of these annotations: org.springframework.data.redis.core.RedisHash (preferred), or consider extending one of the following types with your repository: org.springframework.data.keyvalue.repository.KeyValueRepository
2025-02-24 14:47:57,735 INFO o.s.d.r.c.RepositoryConfigurationExtensionSupport [main] Spring Data Redis - Could not safely identify store assignment for repository candidate interface com.bleizing.pos.repository.RoleRepository; If you want this repository to be a Redis repository, consider annotating your entities with one of these annotations: org.springframework.data.redis.core.RedisHash (preferred), or consider extending one of the following types with your repository: org.springframework.data.keyvalue.repository.KeyValueRepository
2025-02-24 14:47:57,735 INFO o.s.d.r.c.RepositoryConfigurationExtensionSupport [main] Spring Data Redis - Could not safely identify store assignment for repository candidate interface com.bleizing.pos.repository.StoreRepository; If you want this repository to be a Redis repository, consider annotating your entities with one of these annotations: org.springframework.data.redis.core.RedisHash (preferred), or consider extending one of the following types with your repository: org.springframework.data.keyvalue.repository.KeyValueRepository
2025-02-24 14:47:57,735 INFO o.s.d.r.c.RepositoryConfigurationExtensionSupport [main] Spring Data Redis - Could not safely identify store assignment for repository candidate interface com.bleizing.pos.repository.SysParamRepository; If you want this repository to be a Redis repository, consider annotating your entities with one of these annotations: org.springframework.data.redis.core.RedisHash (preferred), or consider extending one of the following types with your repository: org.springframework.data.keyvalue.repository.KeyValueRepository
2025-02-24 14:47:57,736 INFO o.s.d.r.c.RepositoryConfigurationExtensionSupport [main] Spring Data Redis - Could not safely identify store assignment for repository candidate interface com.bleizing.pos.repository.UserRepository; If you want this repository to be a Redis repository, consider annotating your entities with one of these annotations: org.springframework.data.redis.core.RedisHash (preferred), or consider extending one of the following types with your repository: org.springframework.data.keyvalue.repository.KeyValueRepository
2025-02-24 14:47:57,736 INFO o.s.d.r.c.RepositoryConfigurationExtensionSupport [main] Spring Data Redis - Could not safely identify store assignment for repository candidate interface com.bleizing.pos.repository.UserRoleRepository; If you want this repository to be a Redis repository, consider annotating your entities with one of these annotations: org.springframework.data.redis.core.RedisHash (preferred), or consider extending one of the following types with your repository: org.springframework.data.keyvalue.repository.KeyValueRepository
2025-02-24 14:47:57,736 INFO o.s.d.r.c.RepositoryConfigurationExtensionSupport [main] Spring Data Redis - Could not safely identify store assignment for repository candidate interface com.bleizing.pos.repository.UserStoreRepository; If you want this repository to be a Redis repository, consider annotating your entities with one of these annotations: org.springframework.data.redis.core.RedisHash (preferred), or consider extending one of the following types with your repository: org.springframework.data.keyvalue.repository.KeyValueRepository
2025-02-24 14:47:57,736 INFO o.s.d.r.c.RepositoryConfigurationDelegate [main] Finished Spring Data repository scanning in 8 ms. Found 0 Redis repository interfaces.
2025-02-24 14:47:58,321 INFO o.s.b.w.e.t.TomcatWebServer [main] Tomcat initialized with port 8080 (http)
2025-02-24 14:47:58,338 INFO o.a.j.l.DirectJDKLog [main] Initializing ProtocolHandler ["http-nio-8080"]
2025-02-24 14:47:58,344 INFO o.a.j.l.DirectJDKLog [main] Starting service [Tomcat]
2025-02-24 14:47:58,345 INFO o.a.j.l.DirectJDKLog [main] Starting Servlet engine: [Apache Tomcat/10.1.24]
2025-02-24 14:47:58,398 INFO o.a.j.l.DirectJDKLog [main] Initializing Spring embedded WebApplicationContext
2025-02-24 14:47:58,398 INFO o.s.b.w.s.c.ServletWebServerApplicationContext [main] Root WebApplicationContext: initialization completed in 1401 ms
2025-02-24 14:47:58,524 INFO o.h.j.i.u.LogHelper [main] HHH000204: Processing PersistenceUnitInfo [name: default]
2025-02-24 14:47:58,554 INFO o.h.Version [main] HHH000412: Hibernate ORM core version 6.5.2.Final
2025-02-24 14:47:58,577 INFO o.h.c.i.RegionFactoryInitiator [main] HHH000026: Second-level cache disabled
2025-02-24 14:47:58,771 INFO o.s.o.j.p.SpringPersistenceUnitInfo [main] No LoadTimeWeaver setup: ignoring JPA class transformer
2025-02-24 14:47:58,788 INFO c.z.h.HikariDataSource [main] HikariPool-1 - Starting...
2025-02-24 14:47:58,978 INFO c.z.h.p.HikariPool [main] HikariPool-1 - Added connection org.postgresql.jdbc.PgConnection@2b62475a
2025-02-24 14:47:58,979 INFO c.z.h.HikariDataSource [main] HikariPool-1 - Start completed.
2025-02-24 14:47:59,006 WARN o.h.e.j.d.i.DialectFactoryImpl [main] HHH90000025: PostgreSQLDialect does not need to be specified explicitly using 'hibernate.dialect' (remove the property setting and it will be selected by default)
2025-02-24 14:47:59,892 INFO o.h.e.t.j.p.i.JtaPlatformInitiator [main] HHH000489: No JTA platform available (set 'hibernate.transaction.jta.platform' to enable JTA platform integration)
2025-02-24 14:48:00,041 INFO o.s.o.j.AbstractEntityManagerFactoryBean [main] Initialized JPA EntityManagerFactory for persistence unit 'default'
2025-02-24 14:48:01,131 WARN o.s.b.a.o.j.JpaBaseConfiguration$JpaWebConfiguration [main] spring.jpa.open-in-view is enabled by default. Therefore, database queries may be performed during view rendering. Explicitly configure spring.jpa.open-in-view to disable this warning
2025-02-24 14:48:01,953 INFO o.a.j.l.DirectJDKLog [main] Starting ProtocolHandler ["http-nio-8080"]
2025-02-24 14:48:01,967 INFO o.s.b.w.e.t.TomcatWebServer [main] Tomcat started on port 8080 (http) with context path '/pos'
2025-02-24 14:48:01,974 INFO o.s.b.StartupInfoLogger [main] Started PosApplication in 5.365 seconds (process running for 5.626)
2025-02-24 14:48:01,976 INFO c.b.p.l.StartupListener [main] Startup Listener
2025-02-24 14:48:50,469 INFO o.a.j.l.DirectJDKLog [http-nio-8080-exec-1] Initializing Spring DispatcherServlet 'dispatcherServlet'
2025-02-24 14:48:50,470 INFO o.s.w.s.FrameworkServlet [http-nio-8080-exec-1] Initializing Servlet 'dispatcherServlet'
2025-02-24 14:48:50,471 INFO o.s.w.s.FrameworkServlet [http-nio-8080-exec-1] Completed initialization in 1 ms
2025-02-24 14:49:33,525 INFO o.h.v.i.u.Version [background-preinit] HV000001: Hibernate Validator 8.0.1.Final
2025-02-24 14:49:33,560 INFO o.s.b.StartupInfoLogger [main] Starting PosApplication using Java 19.0.1 with PID 34528 (D:\Dimas\Projects\POS\pos\target\classes started by hand_ in D:\Dimas\Projects\POS\pos)
2025-02-24 14:49:33,561 DEBUG o.s.b.StartupInfoLogger [main] Running with Spring Boot v3.3.0, Spring v6.1.8
2025-02-24 14:49:33,561 INFO o.s.b.SpringApplication [main] No active profile set, falling back to 1 default profile: "default"
2025-02-24 14:49:34,189 INFO o.s.d.r.c.RepositoryConfigurationDelegate [main] Multiple Spring Data modules found, entering strict repository configuration mode
2025-02-24 14:49:34,199 INFO o.s.d.r.c.RepositoryConfigurationDelegate [main] Bootstrapping Spring Data JPA repositories in DEFAULT mode.
2025-02-24 14:49:34,332 INFO o.s.d.r.c.RepositoryConfigurationDelegate [main] Finished Spring Data repository scanning in 125 ms. Found 10 JPA repository interfaces.
2025-02-24 14:49:34,346 INFO o.s.d.r.c.RepositoryConfigurationDelegate [main] Multiple Spring Data modules found, entering strict repository configuration mode
2025-02-24 14:49:34,347 INFO o.s.d.r.c.RepositoryConfigurationDelegate [main] Bootstrapping Spring Data Redis repositories in DEFAULT mode.
2025-02-24 14:49:34,362 INFO o.s.d.r.c.RepositoryConfigurationExtensionSupport [main] Spring Data Redis - Could not safely identify store assignment for repository candidate interface com.bleizing.pos.repository.MenuRepository; If you want this repository to be a Redis repository, consider annotating your entities with one of these annotations: org.springframework.data.redis.core.RedisHash (preferred), or consider extending one of the following types with your repository: org.springframework.data.keyvalue.repository.KeyValueRepository
2025-02-24 14:49:34,362 INFO o.s.d.r.c.RepositoryConfigurationExtensionSupport [main] Spring Data Redis - Could not safely identify store assignment for repository candidate interface com.bleizing.pos.repository.MenuRolePermissionRepository; If you want this repository to be a Redis repository, consider annotating your entities with one of these annotations: org.springframework.data.redis.core.RedisHash (preferred), or consider extending one of the following types with your repository: org.springframework.data.keyvalue.repository.KeyValueRepository
2025-02-24 14:49:34,363 INFO o.s.d.r.c.RepositoryConfigurationExtensionSupport [main] Spring Data Redis - Could not safely identify store assignment for repository candidate interface com.bleizing.pos.repository.PermissionRepository; If you want this repository to be a Redis repository, consider annotating your entities with one of these annotations: org.springframework.data.redis.core.RedisHash (preferred), or consider extending one of the following types with your repository: org.springframework.data.keyvalue.repository.KeyValueRepository
2025-02-24 14:49:34,363 INFO o.s.d.r.c.RepositoryConfigurationExtensionSupport [main] Spring Data Redis - Could not safely identify store assignment for repository candidate interface com.bleizing.pos.repository.ProductRepository; If you want this repository to be a Redis repository, consider annotating your entities with one of these annotations: org.springframework.data.redis.core.RedisHash (preferred), or consider extending one of the following types with your repository: org.springframework.data.keyvalue.repository.KeyValueRepository
2025-02-24 14:49:34,363 INFO o.s.d.r.c.RepositoryConfigurationExtensionSupport [main] Spring Data Redis - Could not safely identify store assignment for repository candidate interface com.bleizing.pos.repository.RoleRepository; If you want this repository to be a Redis repository, consider annotating your entities with one of these annotations: org.springframework.data.redis.core.RedisHash (preferred), or consider extending one of the following types with your repository: org.springframework.data.keyvalue.repository.KeyValueRepository
2025-02-24 14:49:34,363 INFO o.s.d.r.c.RepositoryConfigurationExtensionSupport [main] Spring Data Redis - Could not safely identify store assignment for repository candidate interface com.bleizing.pos.repository.StoreRepository; If you want this repository to be a Redis repository, consider annotating your entities with one of these annotations: org.springframework.data.redis.core.RedisHash (preferred), or consider extending one of the following types with your repository: org.springframework.data.keyvalue.repository.KeyValueRepository
2025-02-24 14:49:34,364 INFO o.s.d.r.c.RepositoryConfigurationExtensionSupport [main] Spring Data Redis - Could not safely identify store assignment for repository candidate interface com.bleizing.pos.repository.SysParamRepository; If you want this repository to be a Redis repository, consider annotating your entities with one of these annotations: org.springframework.data.redis.core.RedisHash (preferred), or consider extending one of the following types with your repository: org.springframework.data.keyvalue.repository.KeyValueRepository
2025-02-24 14:49:34,364 INFO o.s.d.r.c.RepositoryConfigurationExtensionSupport [main] Spring Data Redis - Could not safely identify store assignment for repository candidate interface com.bleizing.pos.repository.UserRepository; If you want this repository to be a Redis repository, consider annotating your entities with one of these annotations: org.springframework.data.redis.core.RedisHash (preferred), or consider extending one of the following types with your repository: org.springframework.data.keyvalue.repository.KeyValueRepository
2025-02-24 14:49:34,365 INFO o.s.d.r.c.RepositoryConfigurationExtensionSupport [main] Spring Data Redis - Could not safely identify store assignment for repository candidate interface com.bleizing.pos.repository.UserRoleRepository; If you want this repository to be a Redis repository, consider annotating your entities with one of these annotations: org.springframework.data.redis.core.RedisHash (preferred), or consider extending one of the following types with your repository: org.springframework.data.keyvalue.repository.KeyValueRepository
2025-02-24 14:49:34,366 INFO o.s.d.r.c.RepositoryConfigurationExtensionSupport [main] Spring Data Redis - Could not safely identify store assignment for repository candidate interface com.bleizing.pos.repository.UserStoreRepository; If you want this repository to be a Redis repository, consider annotating your entities with one of these annotations: org.springframework.data.redis.core.RedisHash (preferred), or consider extending one of the following types with your repository: org.springframework.data.keyvalue.repository.KeyValueRepository
2025-02-24 14:49:34,366 INFO o.s.d.r.c.RepositoryConfigurationDelegate [main] Finished Spring Data repository scanning in 10 ms. Found 0 Redis repository interfaces.
2025-02-24 14:49:34,969 INFO o.s.b.w.e.t.TomcatWebServer [main] Tomcat initialized with port 8080 (http)
2025-02-24 14:49:34,989 INFO o.a.j.l.DirectJDKLog [main] Initializing ProtocolHandler ["http-nio-8080"]
2025-02-24 14:49:34,992 INFO o.a.j.l.DirectJDKLog [main] Starting service [Tomcat]
2025-02-24 14:49:34,992 INFO o.a.j.l.DirectJDKLog [main] Starting Servlet engine: [Apache Tomcat/10.1.24]
2025-02-24 14:49:35,060 INFO o.a.j.l.DirectJDKLog [main] Initializing Spring embedded WebApplicationContext
2025-02-24 14:49:35,061 INFO o.s.b.w.s.c.ServletWebServerApplicationContext [main] Root WebApplicationContext: initialization completed in 1461 ms
2025-02-24 14:49:35,203 INFO o.h.j.i.u.LogHelper [main] HHH000204: Processing PersistenceUnitInfo [name: default]
2025-02-24 14:49:35,237 INFO o.h.Version [main] HHH000412: Hibernate ORM core version 6.5.2.Final
2025-02-24 14:49:35,257 INFO o.h.c.i.RegionFactoryInitiator [main] HHH000026: Second-level cache disabled
2025-02-24 14:49:35,468 INFO o.s.o.j.p.SpringPersistenceUnitInfo [main] No LoadTimeWeaver setup: ignoring JPA class transformer
2025-02-24 14:49:35,485 INFO c.z.h.HikariDataSource [main] HikariPool-1 - Starting...
2025-02-24 14:49:35,577 INFO c.z.h.p.HikariPool [main] HikariPool-1 - Added connection org.postgresql.jdbc.PgConnection@2b62475a
2025-02-24 14:49:35,578 INFO c.z.h.HikariDataSource [main] HikariPool-1 - Start completed.
2025-02-24 14:49:35,604 WARN o.h.e.j.d.i.DialectFactoryImpl [main] HHH90000025: PostgreSQLDialect does not need to be specified explicitly using 'hibernate.dialect' (remove the property setting and it will be selected by default)
2025-02-24 14:49:36,488 INFO o.h.e.t.j.p.i.JtaPlatformInitiator [main] HHH000489: No JTA platform available (set 'hibernate.transaction.jta.platform' to enable JTA platform integration)
2025-02-24 14:49:36,648 INFO o.s.o.j.AbstractEntityManagerFactoryBean [main] Initialized JPA EntityManagerFactory for persistence unit 'default'
2025-02-24 14:49:37,725 WARN o.s.b.a.o.j.JpaBaseConfiguration$JpaWebConfiguration [main] spring.jpa.open-in-view is enabled by default. Therefore, database queries may be performed during view rendering. Explicitly configure spring.jpa.open-in-view to disable this warning
2025-02-24 14:49:38,579 INFO o.a.j.l.DirectJDKLog [main] Starting ProtocolHandler ["http-nio-8080"]
2025-02-24 14:49:38,596 INFO o.s.b.w.e.t.TomcatWebServer [main] Tomcat started on port 8080 (http) with context path '/pos'
2025-02-24 14:49:38,606 INFO o.s.b.StartupInfoLogger [main] Started PosApplication in 5.484 seconds (process running for 5.759)
2025-02-24 14:49:38,609 INFO c.b.p.l.StartupListener [main] Startup Listener
